2026-09-11 13:29:14 [INFO] SmarTyper application started
2026-09-11 13:29:14 [INFO] Hardware: OS = Ubuntu 24.04.4 LTS (Linux-6.18.33.2-microsoft-standard-WSL2-x86_64-with-glibc2.39, x86_64), Python = 3.12.3, CPU = 12th Gen Intel(R) Core(TM) i5-1245U, CPU speed = 2496.0 MHz, CPU threads = 12, total memory = 31.04 GB, available memory = 27.28 GB, memory speed = unavailable (requires root/dmidecode), memory = unavailable (requires root/dmidecode), memory bandwidth = 1655.1 MB/s (measured copy throughput), disk total = 1006.85 GB, disk free = 879.52 GB, disk drive = Msft Virtual Disk, disk speed = 863.1 MB/s (measured write throughput)
2026-09-11 13:29:36 [INFO] Starting genotype tab update...
2026-09-11 13:29:36 [INFO] No assigned reads found, skipping genotype tab update.
2026-09-11 13:29:36 [INFO] Starting genotype tab update...
2026-09-11 13:29:36 [INFO] No assigned reads found, skipping genotype tab update.
2026-09-11 13:29:41 [INFO] reading loci file: /home/liup/project/data/demon/loc_combined.txt
2026-09-11 13:29:41 [INFO] total 10 markers read from loci file
2026-09-11 13:29:41 [INFO] total 10 markers read from loci file
2026-09-11 13:30:13 [INFO] begain to initiate sam_mar_dict
2026-09-11 13:30:13 [INFO] begain to initiate dicts
2026-09-11 13:30:13 [INFO] finished to initiate assigned_reads_dict
2026-09-11 13:30:13 [INFO] finished to initiate sam_micro_dir
2026-09-11 13:30:13 [INFO] finished to initiate sam_amp_dir
2026-09-11 13:30:13 [INFO] finished to initiate sam_mar_ml_dir
2026-09-11 13:30:13 [INFO] finished to initiate dicts
2026-09-11 13:30:13 [INFO] finished to initiate sam_mar_dict
2026-09-11 13:30:14 [INFO] Parameters snapshot - seq2type run
2026-09-11 13:30:14 [INFO]   analtype = snp
2026-09-11 13:30:14 [INFO]   seqtype = pe
2026-09-11 13:30:14 [INFO]   sexfile = 
2026-09-11 13:30:14 [INFO]   locifile = /home/liup/project/data/demon/loc_combined.txt
2026-09-11 13:30:14 [INFO]   inputdir = /home/liup/project/data/demon/raw_combined
2026-09-11 13:30:14 [INFO]   outputdir = /home/liup/project/data/demon/out_tod7
2026-09-11 13:30:14 [INFO]   projectdir = 
2026-09-11 13:30:14 [INFO]   samplefile = /home/liup/project/data/demon/sample_combined.txt
2026-09-11 13:30:14 [INFO]   mlinputfile = 
2026-09-11 13:30:14 [INFO]   mloutputdir = 
2026-09-11 13:30:14 [INFO]   mlmodelinputfile = 
2026-09-11 13:30:14 [INFO]   mlmodel = False
2026-09-11 13:30:14 [INFO]   num_samples = 0
2026-09-11 13:30:14 [INFO]   project_genotype_model = False
2026-09-11 13:30:14 [INFO]   project_microtype_model = False
2026-09-11 13:30:14 [INFO]   outputgenotypeproject = project_genotype_session.dill
2026-09-11 13:30:14 [INFO]   outputmicrotypeproject = project_microtype_session.dill
2026-09-11 13:30:14 [INFO]   maxMismatchesPSeq = 4
2026-09-11 13:30:14 [INFO]   minReads4Locus = 30
2026-09-11 13:30:14 [INFO]   minReads4Allele = 10
2026-09-11 13:30:14 [INFO]   smProp1H = 0.8
2026-09-11 13:30:14 [INFO]   smProp1L = 0.72
2026-09-11 13:30:14 [INFO]   mmProp1H = 0.8
2026-09-11 13:30:14 [INFO]   mmProp1L = 0.78
2026-09-11 13:30:14 [INFO]   mProp2 = 0.7
2026-09-11 13:30:14 [INFO]   maxRVs4Align = 6
2026-09-11 13:30:14 [INFO]   maxMismatchesPSeqSex = 4
2026-09-11 13:30:14 [INFO]   maxMismatchesRefSeqSex = 4
2026-09-11 13:30:14 [INFO]   yxRatio = 0.0001
2026-09-11 13:30:14 [INFO]   minReadsSexAllele = 10
2026-09-11 13:30:14 [INFO]   minReadsSexVariant = 5
2026-09-11 13:30:14 [INFO]   sex_analysis = False
2026-09-11 13:30:14 [INFO]   nanopore_default = False
2026-09-11 13:30:14 [INFO]   revcomloci = False
2026-09-11 13:30:14 [INFO]   revcomsex = False
2026-09-11 13:30:14 [INFO]   average_qual = 20
2026-09-11 13:30:14 [INFO]   length_required = 30
2026-09-11 13:30:14 [INFO]   thread = 10
2026-09-11 13:30:14 [INFO]   cur_microhap_input_file = 
2026-09-11 13:30:14 [INFO]   pre_microhap_input_file = 
2026-09-11 13:30:14 [INFO]   post_microhap_output_dir = 
2026-09-11 13:30:14 [INFO]   include_pre_mh = True
2026-09-11 13:30:14 [INFO]   has_pre_mh = False
2026-09-11 13:30:14 [INFO]   pro_figure = True
2026-09-11 13:30:14 [INFO]   ml_training_ratio = 0.8
2026-09-11 13:30:14 [INFO] seqtyper command for sample sample_1: seqtyper --var snp --loc /home/liup/project/data/demon/loc_combined.txt --minReads4Locus 30 --maxMismatchesPSeq 4 --thread 10 --average_qual 20 --length_required 30 --smProp1H 0.8 --smProp1L 0.72 --mmProp1H 0.8 --mmProp1L 0.78 --mProp2 0.7 --minReads4Allele 10 --maxRVs4Align 6 --prefix /home/liup/project/data/demon/out_tod7/sample_1 --in1 /home/liup/project/data/demon/raw_combined/sample_1_R1.fastq.gz --in2 /home/liup/project/data/demon/raw_combined/sample_1_R2.fastq.gz --verbose
2026-09-11 13:30:14 [INFO] seqtyper command for sample sample_2: seqtyper --var snp --loc /home/liup/project/data/demon/loc_combined.txt --minReads4Locus 30 --maxMismatchesPSeq 4 --thread 10 --average_qual 20 --length_required 30 --smProp1H 0.8 --smProp1L 0.72 --mmProp1H 0.8 --mmProp1L 0.78 --mProp2 0.7 --minReads4Allele 10 --maxRVs4Align 6 --prefix /home/liup/project/data/demon/out_tod7/sample_2 --in1 /home/liup/project/data/demon/raw_combined/sample_2_R1.fastq.gz --in2 /home/liup/project/data/demon/raw_combined/sample_2_R2.fastq.gz --verbose
2026-09-11 13:30:14 [INFO] seqtyper command for sample sample_3: seqtyper --var snp --loc /home/liup/project/data/demon/loc_combined.txt --minReads4Locus 30 --maxMismatchesPSeq 4 --thread 10 --average_qual 20 --length_required 30 --smProp1H 0.8 --smProp1L 0.72 --mmProp1H 0.8 --mmProp1L 0.78 --mProp2 0.7 --minReads4Allele 10 --maxRVs4Align 6 --prefix /home/liup/project/data/demon/out_tod7/sample_3 --in1 /home/liup/project/data/demon/raw_combined/sample_3_R1.fastq.gz --in2 /home/liup/project/data/demon/raw_combined/sample_3_R2.fastq.gz --verbose
2026-09-11 13:30:14 [INFO] seqtyper command for sample sample_4: seqtyper --var snp --loc /home/liup/project/data/demon/loc_combined.txt --minReads4Locus 30 --maxMismatchesPSeq 4 --thread 10 --average_qual 20 --length_required 30 --smProp1H 0.8 --smProp1L 0.72 --mmProp1H 0.8 --mmProp1L 0.78 --mProp2 0.7 --minReads4Allele 10 --maxRVs4Align 6 --prefix /home/liup/project/data/demon/out_tod7/sample_4 --in1 /home/liup/project/data/demon/raw_combined/sample_4_R1.fastq.gz --in2 /home/liup/project/data/demon/raw_combined/sample_4_R2.fastq.gz --verbose
2026-09-11 13:30:14 [INFO] seqtyper command for sample sample_5: seqtyper --var snp --loc /home/liup/project/data/demon/loc_combined.txt --minReads4Locus 30 --maxMismatchesPSeq 4 --thread 10 --average_qual 20 --length_required 30 --smProp1H 0.8 --smProp1L 0.72 --mmProp1H 0.8 --mmProp1L 0.78 --mProp2 0.7 --minReads4Allele 10 --maxRVs4Align 6 --prefix /home/liup/project/data/demon/out_tod7/sample_5 --in1 /home/liup/project/data/demon/raw_combined/sample_5_R1.fastq.gz --in2 /home/liup/project/data/demon/raw_combined/sample_5_R2.fastq.gz --verbose
2026-09-11 13:30:14 [INFO] seqtyper command for sample sample_6: seqtyper --var snp --loc /home/liup/project/data/demon/loc_combined.txt --minReads4Locus 30 --maxMismatchesPSeq 4 --thread 10 --average_qual 20 --length_required 30 --smProp1H 0.8 --smProp1L 0.72 --mmProp1H 0.8 --mmProp1L 0.78 --mProp2 0.7 --minReads4Allele 10 --maxRVs4Align 6 --prefix /home/liup/project/data/demon/out_tod7/sample_6 --in1 /home/liup/project/data/demon/raw_combined/sample_6_R1.fastq.gz --in2 /home/liup/project/data/demon/raw_combined/sample_6_R2.fastq.gz --verbose
2026-09-11 13:30:14 [INFO] seqtyper command for sample sample_7: seqtyper --var snp --loc /home/liup/project/data/demon/loc_combined.txt --minReads4Locus 30 --maxMismatchesPSeq 4 --thread 10 --average_qual 20 --length_required 30 --smProp1H 0.8 --smProp1L 0.72 --mmProp1H 0.8 --mmProp1L 0.78 --mProp2 0.7 --minReads4Allele 10 --maxRVs4Align 6 --prefix /home/liup/project/data/demon/out_tod7/sample_7 --in1 /home/liup/project/data/demon/raw_combined/sample_7_R1.fastq.gz --in2 /home/liup/project/data/demon/raw_combined/sample_7_R2.fastq.gz --verbose
2026-09-11 13:30:14 [INFO] seqtyper command for sample sample_8: seqtyper --var snp --loc /home/liup/project/data/demon/loc_combined.txt --minReads4Locus 30 --maxMismatchesPSeq 4 --thread 10 --average_qual 20 --length_required 30 --smProp1H 0.8 --smProp1L 0.72 --mmProp1H 0.8 --mmProp1L 0.78 --mProp2 0.7 --minReads4Allele 10 --maxRVs4Align 6 --prefix /home/liup/project/data/demon/out_tod7/sample_8 --in1 /home/liup/project/data/demon/raw_combined/sample_8_R1.fastq.gz --in2 /home/liup/project/data/demon/raw_combined/sample_8_R2.fastq.gz --verbose
2026-09-11 13:30:14 [INFO] starting to run seq2type
2026-09-11 13:30:14 [INFO] Starting Seq2Type for genotyping!


2026-09-11 13:30:14 [INFO] ---------------------------------------------------------start index: 1--------------------------------------------------

2026-09-11 13:30:14 [INFO] Start to process sample: sample_1, 1 out of 8 samples

2026-09-11 13:30:14 [INFO] Running Seq2Type for sample: sample_1, this is slow and please be patient!

2026-09-11 13:30:14 [INFO] Reading locus file: /home/liup/project/data/demon/loc_combined.txt

2026-09-11 13:30:14 [INFO] Read loci of: 10

2026-09-11 13:30:14 [INFO] start to load data

2026-09-11 13:30:20 [INFO] all reads loaded, start to monitor thread status

2026-09-11 13:30:20 [INFO] thread 9 is processing the 284 / 477 pack

2026-09-11 13:30:20 [INFO] thread 4 is processing the 285 / 477 pack

2026-09-11 13:30:20 [INFO] thread 2 is processing the 286 / 477 pack

2026-09-11 13:30:20 [INFO] thread 10 is processing the 287 / 477 pack

2026-09-11 13:30:20 [INFO] thread 8 is processing the 288 / 477 pack

2026-09-11 13:30:20 [INFO] thread 7 is processing the 289 / 477 pack

2026-09-11 13:30:20 [INFO] thread 5 is processing the 290 / 477 pack

2026-09-11 13:30:20 [INFO] thread 6 is processing the 291 / 477 pack

2026-09-11 13:30:20 [INFO] thread 3 is processing the 292 / 477 pack

2026-09-11 13:30:20 [INFO] thread 1 is processing the 293 / 477 pack

2026-09-11 13:30:20 [INFO] thread 9 is processing the 294 / 477 pack

2026-09-11 13:30:20 [INFO] thread 4 is processing the 295 / 477 pack

2026-09-11 13:30:20 [INFO] thread 2 is processing the 296 / 477 pack

2026-09-11 13:30:20 [INFO] thread 8 is processing the 297 / 477 pack

2026-09-11 13:30:21 [INFO] thread 10 is processing the 298 / 477 pack

2026-09-11 13:30:21 [INFO] thread 5 is processing the 299 / 477 pack

2026-09-11 13:30:21 [INFO] thread 7 is processing the 300 / 477 pack

2026-09-11 13:30:21 [INFO] thread 3 is processing the 301 / 477 pack

2026-09-11 13:30:21 [INFO] thread 6 is processing the 302 / 477 pack

2026-09-11 13:30:21 [INFO] thread 1 is processing the 303 / 477 pack

2026-09-11 13:30:21 [INFO] thread 9 is processing the 304 / 477 pack

2026-09-11 13:30:21 [INFO] thread 4 is processing the 305 / 477 pack

2026-09-11 13:30:21 [INFO] thread 2 is processing the 306 / 477 pack

2026-09-11 13:30:21 [INFO] thread 8 is processing the 307 / 477 pack

2026-09-11 13:30:21 [INFO] thread 10 is processing the 308 / 477 pack

2026-09-11 13:30:21 [INFO] thread 7 is processing the 309 / 477 pack

2026-09-11 13:30:21 [INFO] thread 5 is processing the 310 / 477 pack

2026-09-11 13:30:21 [INFO] thread 3 is processing the 311 / 477 pack

2026-09-11 13:30:21 [INFO] thread 1 is processing the 312 / 477 pack

2026-09-11 13:30:21 [INFO] thread 6 is processing the 313 / 477 pack

2026-09-11 13:30:21 [INFO] thread 4 is processing the 314 / 477 pack

2026-09-11 13:30:21 [INFO] thread 9 is processing the 315 / 477 pack

2026-09-11 13:30:21 [INFO] thread 8 is processing the 316 / 477 pack

2026-09-11 13:30:22 [INFO] thread 10 is processing the 317 / 477 pack

2026-09-11 13:30:22 [INFO] thread 2 is processing the 318 / 477 pack

2026-09-11 13:30:22 [INFO] thread 5 is processing the 319 / 477 pack

2026-09-11 13:30:22 [INFO] thread 3 is processing the 320 / 477 pack

2026-09-11 13:30:22 [INFO] thread 7 is processing the 321 / 477 pack

2026-09-11 13:30:22 [INFO] thread 1 is processing the 322 / 477 pack

2026-09-11 13:30:22 [INFO] thread 6 is processing the 323 / 477 pack

2026-09-11 13:30:22 [INFO] thread 9 is processing the 324 / 477 pack

2026-09-11 13:30:22 [INFO] thread 2 is processing the 325 / 477 pack

2026-09-11 13:30:22 [INFO] thread 10 is processing the 326 / 477 pack

2026-09-11 13:30:22 [INFO] thread 4 is processing the 327 / 477 pack

2026-09-11 13:30:22 [INFO] thread 8 is processing the 328 / 477 pack

2026-09-11 13:30:22 [INFO] thread 5 is processing the 329 / 477 pack

2026-09-11 13:30:22 [INFO] thread 3 is processing the 330 / 477 pack

2026-09-11 13:30:22 [INFO] thread 7 is processing the 331 / 477 pack

2026-09-11 13:30:22 [INFO] thread 1 is processing the 332 / 477 pack

2026-09-11 13:30:22 [INFO] thread 6 is processing the 333 / 477 pack

2026-09-11 13:30:22 [INFO] thread 9 is processing the 334 / 477 pack

2026-09-11 13:30:22 [INFO] thread 10 is processing the 335 / 477 pack

2026-09-11 13:30:22 [INFO] thread 2 is processing the 336 / 477 pack

2026-09-11 13:30:22 [INFO] thread 4 is processing the 337 / 477 pack

2026-09-11 13:30:22 [INFO] thread 8 is processing the 338 / 477 pack

2026-09-11 13:30:22 [INFO] thread 5 is processing the 339 / 477 pack

2026-09-11 13:30:22 [INFO] thread 3 is processing the 340 / 477 pack

2026-09-11 13:30:23 [INFO] thread 7 is processing the 341 / 477 pack

2026-09-11 13:30:23 [INFO] thread 1 is processing the 342 / 477 pack

2026-09-11 13:30:23 [INFO] thread 6 is processing the 343 / 477 pack

2026-09-11 13:30:23 [INFO] thread 9 is processing the 344 / 477 pack

2026-09-11 13:30:23 [INFO] starting to read geno output file for sample: sample_1
2026-09-11 13:30:23 [INFO] starting to read ml output file for sample: sample_1
2026-09-11 13:30:23 [INFO] starting to read ml file for sample: sample_1
2026-09-11 13:30:23 [INFO] finished to read ml file for sample: sample_1
2026-09-11 13:30:23 [INFO] starting to read microhap output file for sample: sample_1
2026-09-11 13:30:23 [INFO] starting to read sample sample_1 mh file
2026-09-11 13:30:23 [INFO] finished to read sample sample_1 mh file
2026-09-11 13:30:23 [INFO] starting to read amplicon output file for sample: sample_1
2026-09-11 13:30:23 [INFO] starting to read sample sample_1 amplicon file
2026-09-11 13:30:23 [INFO] finished to read sample sample_1 amplicon file
2026-09-11 13:30:23 [INFO] starting to read snp file for sample: sample_1
2026-09-11 13:30:23 [INFO] starting to read snp file for sample: sample_1
2026-09-11 13:30:23 [INFO] finished to read snp file for sample: sample_1
2026-09-11 13:30:23 [INFO] finished to read geno output file for sample: sample_1
2026-09-11 13:30:23 [INFO] thread 10 is processing the 345 / 477 pack

2026-09-11 13:30:23 [INFO] thread 2 is processing the 346 / 477 pack

2026-09-11 13:30:23 [INFO] thread 4 is processing the 347 / 477 pack

2026-09-11 13:30:23 [INFO] thread 5 is processing the 348 / 477 pack

2026-09-11 13:30:23 [INFO] thread 8 is processing the 349 / 477 pack

2026-09-11 13:30:23 [INFO] thread 3 is processing the 350 / 477 pack

2026-09-11 13:30:23 [INFO] thread 7 is processing the 351 / 477 pack

2026-09-11 13:30:23 [INFO] thread 1 is processing the 352 / 477 pack

2026-09-11 13:30:23 [INFO] thread 6 is processing the 353 / 477 pack

2026-09-11 13:30:23 [INFO] thread 9 is processing the 354 / 477 pack

2026-09-11 13:30:23 [INFO] thread 10 is processing the 355 / 477 pack

2026-09-11 13:30:23 [INFO] thread 2 is processing the 356 / 477 pack

2026-09-11 13:30:23 [INFO] thread 4 is processing the 357 / 477 pack

2026-09-11 13:30:23 [INFO] thread 8 is processing the 358 / 477 pack

2026-09-11 13:30:23 [INFO] thread 5 is processing the 359 / 477 pack

2026-09-11 13:30:23 [INFO] thread 3 is processing the 360 / 477 pack

2026-09-11 13:30:23 [INFO] thread 7 is processing the 361 / 477 pack

2026-09-11 13:30:23 [INFO] thread 1 is processing the 362 / 477 pack

2026-09-11 13:30:23 [INFO] thread 6 is processing the 363 / 477 pack

2026-09-11 13:30:24 [INFO] thread 10 is processing the 364 / 477 pack

2026-09-11 13:30:24 [INFO] thread 9 is processing the 365 / 477 pack

2026-09-11 13:30:24 [INFO] thread 2 is processing the 366 / 477 pack

2026-09-11 13:30:24 [INFO] thread 4 is processing the 367 / 477 pack

2026-09-11 13:30:24 [INFO] thread 8 is processing the 368 / 477 pack

2026-09-11 13:30:24 [INFO] thread 5 is processing the 369 / 477 pack

2026-09-11 13:30:24 [INFO] thread 3 is processing the 370 / 477 pack

2026-09-11 13:30:24 [INFO] thread 7 is processing the 371 / 477 pack

2026-09-11 13:30:24 [INFO] thread 1 is processing the 372 / 477 pack

2026-09-11 13:30:24 [INFO] thread 9 is processing the 373 / 477 pack

2026-09-11 13:30:24 [INFO] thread 10 is processing the 374 / 477 pack

2026-09-11 13:30:24 [INFO] thread 6 is processing the 375 / 477 pack

2026-09-11 13:30:24 [INFO] thread 2 is processing the 376 / 477 pack

2026-09-11 13:30:24 [INFO] thread 4 is processing the 377 / 477 pack

2026-09-11 13:30:24 [INFO] thread 8 is processing the 378 / 477 pack

2026-09-11 13:30:24 [INFO] thread 3 is processing the 379 / 477 pack

2026-09-11 13:30:24 [INFO] thread 7 is processing the 380 / 477 pack

2026-09-11 13:30:24 [INFO] thread 5 is processing the 381 / 477 pack

2026-09-11 13:30:24 [INFO] thread 10 is processing the 382 / 477 pack

2026-09-11 13:30:24 [INFO] thread 6 is processing the 383 / 477 pack

2026-09-11 13:30:24 [INFO] thread 9 is processing the 384 / 477 pack

2026-09-11 13:30:24 [INFO] thread 1 is processing the 385 / 477 pack

2026-09-11 13:30:24 [INFO] thread 2 is processing the 386 / 477 pack

2026-09-11 13:30:24 [INFO] thread 4 is processing the 387 / 477 pack

2026-09-11 13:30:24 [INFO] thread 5 is processing the 388 / 477 pack

2026-09-11 13:30:24 [INFO] thread 8 is processing the 389 / 477 pack

2026-09-11 13:30:24 [INFO] thread 3 is processing the 390 / 477 pack

2026-09-11 13:30:24 [INFO] thread 7 is processing the 391 / 477 pack

2026-09-11 13:30:24 [INFO] thread 10 is processing the 392 / 477 pack

2026-09-11 13:30:24 [INFO] thread 6 is processing the 393 / 477 pack

2026-09-11 13:30:24 [INFO] thread 9 is processing the 394 / 477 pack

2026-09-11 13:30:24 [INFO] thread 1 is processing the 395 / 477 pack

2026-09-11 13:30:24 [INFO] thread 2 is processing the 396 / 477 pack

2026-09-11 13:30:24 [INFO] thread 4 is processing the 397 / 477 pack

2026-09-11 13:30:24 [INFO] thread 5 is processing the 398 / 477 pack

2026-09-11 13:30:24 [INFO] thread 8 is processing the 399 / 477 pack

2026-09-11 13:30:24 [INFO] thread 3 is processing the 400 / 477 pack

2026-09-11 13:30:24 [INFO] thread 7 is processing the 401 / 477 pack

2026-09-11 13:30:24 [INFO] thread 9 is processing the 402 / 477 pack

2026-09-11 13:30:24 [INFO] thread 6 is processing the 403 / 477 pack

2026-09-11 13:30:24 [INFO] thread 10 is processing the 404 / 477 pack

2026-09-11 13:30:24 [INFO] thread 4 is processing the 405 / 477 pack

2026-09-11 13:30:24 [INFO] thread 1 is processing the 406 / 477 pack

2026-09-11 13:30:24 [INFO] thread 5 is processing the 407 / 477 pack

2026-09-11 13:30:24 [INFO] thread 2 is processing the 408 / 477 pack

2026-09-11 13:30:24 [INFO] thread 8 is processing the 409 / 477 pack

2026-09-11 13:30:24 [INFO] thread 7 is processing the 410 / 477 pack

2026-09-11 13:30:24 [INFO] thread 3 is processing the 411 / 477 pack

2026-09-11 13:30:24 [INFO] thread 9 is processing the 412 / 477 pack

2026-09-11 13:30:24 [INFO] thread 6 is processing the 413 / 477 pack

2026-09-11 13:30:24 [INFO] thread 10 is processing the 414 / 477 pack

2026-09-11 13:30:24 [INFO] thread 4 is processing the 415 / 477 pack

2026-09-11 13:30:24 [INFO] thread 1 is processing the 416 / 477 pack

2026-09-11 13:30:24 [INFO] thread 5 is processing the 417 / 477 pack

2026-09-11 13:30:24 [INFO] thread 2 is processing the 418 / 477 pack

2026-09-11 13:30:24 [INFO] thread 7 is processing the 419 / 477 pack

2026-09-11 13:30:24 [INFO] thread 8 is processing the 420 / 477 pack

2026-09-11 13:30:24 [INFO] thread 3 is processing the 421 / 477 pack

2026-09-11 13:30:24 [INFO] thread 6 is processing the 422 / 477 pack

2026-09-11 13:30:24 [INFO] thread 9 is processing the 423 / 477 pack

2026-09-11 13:30:24 [INFO] thread 10 is processing the 424 / 477 pack

2026-09-11 13:30:24 [INFO] thread 4 is processing the 425 / 477 pack

2026-09-11 13:30:24 [INFO] thread 1 is processing the 426 / 477 pack

2026-09-11 13:30:24 [INFO] thread 5 is processing the 427 / 477 pack

2026-09-11 13:30:24 [INFO] thread 2 is processing the 428 / 477 pack

2026-09-11 13:30:24 [INFO] thread 7 is processing the 429 / 477 pack

2026-09-11 13:30:24 [INFO] thread 8 is processing the 430 / 477 pack

2026-09-11 13:30:24 [INFO] thread 3 is processing the 431 / 477 pack

2026-09-11 13:30:24 [INFO] thread 6 is processing the 432 / 477 pack

2026-09-11 13:30:24 [INFO] thread 9 is processing the 433 / 477 pack

2026-09-11 13:30:24 [INFO] thread 10 is processing the 434 / 477 pack

2026-09-11 13:30:24 [INFO] thread 4 is processing the 435 / 477 pack

2026-09-11 13:30:24 [INFO] thread 5 is processing the 436 / 477 pack

2026-09-11 13:30:24 [INFO] thread 1 is processing the 437 / 477 pack

2026-09-11 13:30:24 [INFO] thread 2 is processing the 438 / 477 pack

2026-09-11 13:30:24 [INFO] thread 7 is processing the 439 / 477 pack

2026-09-11 13:30:24 [INFO] thread 8 is processing the 440 / 477 pack

2026-09-11 13:30:24 [INFO] thread 3 is processing the 441 / 477 pack

2026-09-11 13:30:24 [INFO] thread 8 is processing the 442 / 477 pack

2026-09-11 13:30:24 [INFO] thread 3 is processing the 443 / 477 pack

2026-09-11 13:30:24 [INFO] thread 8 is processing the 444 / 477 pack

2026-09-11 13:30:24 [INFO] thread 3 is processing the 445 / 477 pack

2026-09-11 13:30:24 [INFO] thread 6 is processing the 446 / 477 pack

2026-09-11 13:30:24 [INFO] thread 9 is processing the 447 / 477 pack

2026-09-11 13:30:25 [INFO] thread 4 is processing the 448 / 477 pack

2026-09-11 13:30:25 [INFO] thread 8 is processing the 449 / 477 pack

2026-09-11 13:30:25 [INFO] thread 10 is processing the 450 / 477 pack

2026-09-11 13:30:25 [INFO] thread 7 is processing the 451 / 477 pack

2026-09-11 13:30:25 [INFO] thread 3 is processing the 452 / 477 pack

2026-09-11 13:30:25 [INFO] thread 9 is processing the 453 / 477 pack

2026-09-11 13:30:25 [INFO] thread 4 is processing the 454 / 477 pack

2026-09-11 13:30:25 [INFO] thread 6 is processing the 455 / 477 pack

2026-09-11 13:30:25 [INFO] thread 10 is processing the 456 / 477 pack

2026-09-11 13:30:25 [INFO] thread 8 is processing the 457 / 477 pack

2026-09-11 13:30:25 [INFO] thread 1 is processing the 458 / 477 pack

2026-09-11 13:30:25 [INFO] thread 5 is processing the 459 / 477 pack

2026-09-11 13:30:25 [INFO] thread 2 is processing the 460 / 477 pack

2026-09-11 13:30:25 [INFO] thread 7 is processing the 461 / 477 pack

2026-09-11 13:30:25 [INFO] thread 3 is processing the 462 / 477 pack

2026-09-11 13:30:25 [INFO] thread 9 is processing the 463 / 477 pack

2026-09-11 13:30:25 [INFO] thread 4 is processing the 464 / 477 pack

2026-09-11 13:30:25 [INFO] thread 6 is processing the 465 / 477 pack

2026-09-11 13:30:25 [INFO] thread 8 is processing the 466 / 477 pack

2026-09-11 13:30:25 [INFO] thread 10 is processing the 467 / 477 pack

2026-09-11 13:30:25 [INFO] thread 1 is processing the 468 / 477 pack

2026-09-11 13:30:25 [INFO] thread 5 is processing the 469 / 477 pack

2026-09-11 13:30:25 [INFO] thread 2 is processing the 470 / 477 pack

2026-09-11 13:30:25 [INFO] thread 7 is processing the 471 / 477 pack

2026-09-11 13:30:25 [INFO] thread 3 is processing the 472 / 477 pack

2026-09-11 13:30:25 [INFO] thread 9 is processing the 473 / 477 pack

2026-09-11 13:30:25 [INFO] thread 6 is processing the 474 / 477 pack

2026-09-11 13:30:25 [INFO] thread 4 is processing the 475 / 477 pack

2026-09-11 13:30:25 [INFO] thread 10 is processing the 476 / 477 pack

2026-09-11 13:30:25 [INFO] thread 8 data processing completed

2026-09-11 13:30:25 [INFO] thread 8 finished

2026-09-11 13:30:25 [INFO] thread 1 data processing completed

2026-09-11 13:30:25 [INFO] thread 1 finished

2026-09-11 13:30:25 [INFO] thread 5 data processing completed

2026-09-11 13:30:25 [INFO] thread 5 finished

2026-09-11 13:30:25 [INFO] thread 2 data processing completed

2026-09-11 13:30:25 [INFO] thread 2 finished

2026-09-11 13:30:25 [INFO] thread 7 data processing completed

2026-09-11 13:30:25 [INFO] thread 7 finished

2026-09-11 13:30:25 [INFO] thread 3 data processing completed

2026-09-11 13:30:25 [INFO] thread 3 finished

2026-09-11 13:30:25 [INFO] thread 10 data processing completed

2026-09-11 13:30:25 [INFO] thread 10 finished

2026-09-11 13:30:25 [INFO] thread 6 data processing completed

2026-09-11 13:30:25 [INFO] thread 6 finished

2026-09-11 13:30:25 [INFO] thread 9 data processing completed

2026-09-11 13:30:25 [INFO] thread 9 finished

2026-09-11 13:30:25 [INFO] thread 4 data processing completed

2026-09-11 13:30:25 [INFO] thread 4 finished

2026-09-11 13:30:25 [INFO] /home/liup/project/data/demon/out_tod7/sample_1_output_reads.fastq.gz writer finished

2026-09-11 13:30:25 [INFO] start to generate reports

2026-09-11 13:30:25 [INFO] Starting to write SNV table!

2026-09-11 13:30:25 [INFO] Starting to write haplotype table!

2026-09-11 13:30:25 [INFO] Starting to write ML haplotype table!

2026-09-11 13:30:25 [INFO] Starting to write amplicon table!

2026-09-11 13:30:25 [INFO] Starting to write error rate table!

2026-09-11 13:30:25 [INFO] Finished writing genotype table!

2026-09-11 13:30:25 [INFO] Finished writing ML haplotype table!

2026-09-11 13:30:25 [INFO] Finished writing amplicon table!

2026-09-11 13:30:25 [INFO] Finished writing error rate table!

2026-09-11 13:30:25 [INFO] Duplication rate: 13.1787%

2026-09-11 13:30:25 [INFO] Insert size peak (evaluated by paired-end reads): 200

2026-09-11 13:30:25 [INFO] Finished Json report

2026-09-11 13:30:25 [INFO] Finished Html report

2026-09-11 13:30:25 [INFO] JSON report: /home/liup/project/data/demon/out_tod7/sample_1.json

2026-09-11 13:30:25 [INFO] HTML report: /home/liup/project/data/demon/out_tod7/sample_1.html

2026-09-11 13:30:25 [INFO] seqtyper --var snp --loc /home/liup/project/data/demon/loc_combined.txt --minReads4Locus 30 --maxMismatchesPSeq 4 --thread 10 --average_qual 20 --length_required 30 --smProp1H 0.8 --smProp1L 0.72 --mmProp1H 0.8 --mmProp1L 0.78 --mProp2 0.7 --minReads4Allele 10 --maxRVs4Align 6 --prefix /home/liup/project/data/demon/out_tod7/sample_1 --in1 /home/liup/project/data/demon/raw_combined/sample_1_R1.fastq.gz --in2 /home/liup/project/data/demon/raw_combined/sample_1_R2.fastq.gz --verbose 

2026-09-11 13:30:25 [INFO] seq2typer v2.1.0.0, time used: 9 seconds

2026-09-11 13:30:25 [INFO] seq2typer v2.1.0.0, time used: 9 seconds

2026-09-11 13:30:25 [INFO] reading sample sample_1 outputs

2026-09-11 13:30:25 [INFO] reading sample sample_1 genotype done!

2026-09-11 13:30:25 [INFO] reading sample sample_1 reads done!

2026-09-11 13:30:25 [INFO] reading sample sample_1 jason file done!

2026-09-11 13:30:25 [INFO] ploting sample sample_1 reads quality done!

2026-09-11 13:30:25 [INFO] Finish the processing sample: sample_1, 1 out of 8 samples

2026-09-11 13:30:25 [INFO] ---------------------------------------------------------end index: 1----------------------------------------------------



2026-09-11 13:30:25 [INFO] ---------------------------------------------------------start index: 2--------------------------------------------------

2026-09-11 13:30:25 [INFO] Start to process sample: sample_2, 2 out of 8 samples

2026-09-11 13:30:25 [INFO] Running Seq2Type for sample: sample_2, this is slow and please be patient!

2026-09-11 13:30:25 [INFO] Reading locus file: /home/liup/project/data/demon/loc_combined.txt

2026-09-11 13:30:25 [INFO] Read loci of: 10

2026-09-11 13:30:25 [INFO] start to load data

2026-09-11 13:30:30 [INFO] all reads loaded, start to monitor thread status

2026-09-11 13:30:30 [INFO] thread 6 is processing the 300 / 469 pack

2026-09-11 13:30:30 [INFO] thread 7 is processing the 301 / 469 pack

2026-09-11 13:30:30 [INFO] thread 2 is processing the 302 / 469 pack

2026-09-11 13:30:31 [INFO] thread 8 is processing the 303 / 469 pack

2026-09-11 13:30:31 [INFO] thread 1 is processing the 304 / 469 pack

2026-09-11 13:30:31 [INFO] thread 4 is processing the 305 / 469 pack

2026-09-11 13:30:31 [INFO] thread 3 is processing the 306 / 469 pack

2026-09-11 13:30:31 [INFO] thread 9 is processing the 307 / 469 pack

2026-09-11 13:30:31 [INFO] thread 10 is processing the 308 / 469 pack

2026-09-11 13:30:31 [INFO] thread 5 is processing the 309 / 469 pack

2026-09-11 13:30:31 [INFO] thread 6 is processing the 310 / 469 pack

2026-09-11 13:30:31 [INFO] thread 2 is processing the 311 / 469 pack

2026-09-11 13:30:31 [INFO] thread 7 is processing the 312 / 469 pack

2026-09-11 13:30:31 [INFO] thread 8 is processing the 313 / 469 pack

2026-09-11 13:30:31 [INFO] thread 1 is processing the 314 / 469 pack

2026-09-11 13:30:31 [INFO] thread 4 is processing the 315 / 469 pack

2026-09-11 13:30:31 [INFO] thread 3 is processing the 316 / 469 pack

2026-09-11 13:30:31 [INFO] thread 9 is processing the 317 / 469 pack

2026-09-11 13:30:31 [INFO] thread 10 is processing the 318 / 469 pack

2026-09-11 13:30:31 [INFO] thread 5 is processing the 319 / 469 pack

2026-09-11 13:30:31 [INFO] thread 6 is processing the 320 / 469 pack

2026-09-11 13:30:31 [INFO] thread 2 is processing the 321 / 469 pack

2026-09-11 13:30:31 [INFO] thread 7 is processing the 322 / 469 pack

2026-09-11 13:30:32 [INFO] thread 8 is processing the 323 / 469 pack

2026-09-11 13:30:32 [INFO] thread 4 is processing the 324 / 469 pack

2026-09-11 13:30:32 [INFO] thread 1 is processing the 325 / 469 pack

2026-09-11 13:30:32 [INFO] thread 9 is processing the 326 / 469 pack

2026-09-11 13:30:32 [INFO] thread 10 is processing the 327 / 469 pack

2026-09-11 13:30:32 [INFO] thread 3 is processing the 328 / 469 pack

2026-09-11 13:30:32 [INFO] thread 5 is processing the 329 / 469 pack

2026-09-11 13:30:32 [INFO] thread 6 is processing the 330 / 469 pack

2026-09-11 13:30:32 [INFO] thread 7 is processing the 331 / 469 pack

2026-09-11 13:30:32 [INFO] thread 2 is processing the 332 / 469 pack

2026-09-11 13:30:32 [INFO] thread 8 is processing the 333 / 469 pack

2026-09-11 13:30:32 [INFO] thread 1 is processing the 334 / 469 pack

2026-09-11 13:30:32 [INFO] thread 4 is processing the 335 / 469 pack

2026-09-11 13:30:32 [INFO] thread 3 is processing the 336 / 469 pack

2026-09-11 13:30:32 [INFO] thread 10 is processing the 337 / 469 pack

2026-09-11 13:30:32 [INFO] thread 9 is processing the 338 / 469 pack

2026-09-11 13:30:32 [INFO] thread 6 is processing the 339 / 469 pack

2026-09-11 13:30:32 [INFO] thread 5 is processing the 340 / 469 pack

2026-09-11 13:30:32 [INFO] thread 7 is processing the 341 / 469 pack

2026-09-11 13:30:33 [INFO] thread 2 is processing the 342 / 469 pack

2026-09-11 13:30:33 [INFO] thread 8 is processing the 343 / 469 pack

2026-09-11 13:30:33 [INFO] thread 1 is processing the 344 / 469 pack

2026-09-11 13:30:33 [INFO] thread 3 is processing the 345 / 469 pack

2026-09-11 13:30:33 [INFO] thread 4 is processing the 346 / 469 pack

2026-09-11 13:30:33 [INFO] thread 10 is processing the 347 / 469 pack

2026-09-11 13:30:33 [INFO] thread 9 is processing the 348 / 469 pack

2026-09-11 13:30:33 [INFO] thread 6 is processing the 349 / 469 pack

2026-09-11 13:30:33 [INFO] thread 5 is processing the 350 / 469 pack

2026-09-11 13:30:33 [INFO] thread 7 is processing the 351 / 469 pack

2026-09-11 13:30:33 [INFO] thread 2 is processing the 352 / 469 pack

2026-09-11 13:30:33 [INFO] thread 8 is processing the 353 / 469 pack

2026-09-11 13:30:33 [INFO] thread 1 is processing the 354 / 469 pack

2026-09-11 13:30:33 [INFO] thread 3 is processing the 355 / 469 pack

2026-09-11 13:30:33 [INFO] thread 4 is processing the 356 / 469 pack

2026-09-11 13:30:33 [INFO] thread 10 is processing the 357 / 469 pack

2026-09-11 13:30:33 [INFO] thread 6 is processing the 358 / 469 pack

2026-09-11 13:30:33 [INFO] thread 9 is processing the 359 / 469 pack

2026-09-11 13:30:33 [INFO] thread 5 is processing the 360 / 469 pack

2026-09-11 13:30:33 [INFO] thread 7 is processing the 361 / 469 pack

2026-09-11 13:30:33 [INFO] starting to read geno output file for sample: sample_2
2026-09-11 13:30:33 [INFO] starting to read ml output file for sample: sample_2
2026-09-11 13:30:33 [INFO] starting to read ml file for sample: sample_2
2026-09-11 13:30:33 [INFO] finished to read ml file for sample: sample_2
2026-09-11 13:30:33 [INFO] starting to read microhap output file for sample: sample_2
2026-09-11 13:30:33 [INFO] starting to read sample sample_2 mh file
2026-09-11 13:30:33 [INFO] finished to read sample sample_2 mh file
2026-09-11 13:30:33 [INFO] starting to read amplicon output file for sample: sample_2
2026-09-11 13:30:33 [INFO] starting to read sample sample_2 amplicon file
2026-09-11 13:30:34 [INFO] finished to read sample sample_2 amplicon file
2026-09-11 13:30:34 [INFO] starting to read snp file for sample: sample_2
2026-09-11 13:30:34 [INFO] starting to read snp file for sample: sample_2
2026-09-11 13:30:34 [INFO] finished to read snp file for sample: sample_2
2026-09-11 13:30:34 [INFO] finished to read geno output file for sample: sample_2
2026-09-11 13:30:34 [INFO] thread 8 is processing the 362 / 469 pack

2026-09-11 13:30:34 [INFO] thread 2 is processing the 363 / 469 pack

2026-09-11 13:30:34 [INFO] thread 1 is processing the 364 / 469 pack

2026-09-11 13:30:34 [INFO] thread 4 is processing the 365 / 469 pack

2026-09-11 13:30:34 [INFO] thread 10 is processing the 366 / 469 pack

2026-09-11 13:30:34 [INFO] thread 6 is processing the 367 / 469 pack

2026-09-11 13:30:34 [INFO] thread 3 is processing the 368 / 469 pack

2026-09-11 13:30:34 [INFO] thread 9 is processing the 369 / 469 pack

2026-09-11 13:30:34 [INFO] thread 5 is processing the 370 / 469 pack

2026-09-11 13:30:34 [INFO] thread 2 is processing the 371 / 469 pack

2026-09-11 13:30:34 [INFO] thread 7 is processing the 372 / 469 pack

2026-09-11 13:30:34 [INFO] thread 8 is processing the 373 / 469 pack

2026-09-11 13:30:34 [INFO] thread 1 is processing the 374 / 469 pack

2026-09-11 13:30:34 [INFO] thread 4 is processing the 375 / 469 pack

2026-09-11 13:30:34 [INFO] thread 10 is processing the 376 / 469 pack

2026-09-11 13:30:34 [INFO] thread 6 is processing the 377 / 469 pack

2026-09-11 13:30:34 [INFO] thread 3 is processing the 378 / 469 pack

2026-09-11 13:30:34 [INFO] thread 9 is processing the 379 / 469 pack

2026-09-11 13:30:34 [INFO] thread 5 is processing the 380 / 469 pack

2026-09-11 13:30:34 [INFO] thread 7 is processing the 381 / 469 pack

2026-09-11 13:30:35 [INFO] thread 2 is processing the 382 / 469 pack

2026-09-11 13:30:35 [INFO] thread 8 is processing the 383 / 469 pack

2026-09-11 13:30:35 [INFO] thread 1 is processing the 384 / 469 pack

2026-09-11 13:30:35 [INFO] thread 4 is processing the 385 / 469 pack

2026-09-11 13:30:35 [INFO] thread 6 is processing the 386 / 469 pack

2026-09-11 13:30:35 [INFO] thread 10 is processing the 387 / 469 pack

2026-09-11 13:30:35 [INFO] thread 3 is processing the 388 / 469 pack

2026-09-11 13:30:35 [INFO] thread 9 is processing the 389 / 469 pack

2026-09-11 13:30:35 [INFO] thread 5 is processing the 390 / 469 pack

2026-09-11 13:30:35 [INFO] thread 2 is processing the 391 / 469 pack

2026-09-11 13:30:35 [INFO] thread 7 is processing the 392 / 469 pack

2026-09-11 13:30:35 [INFO] thread 8 is processing the 393 / 469 pack

2026-09-11 13:30:35 [INFO] thread 1 is processing the 394 / 469 pack

2026-09-11 13:30:35 [INFO] thread 4 is processing the 395 / 469 pack

2026-09-11 13:30:35 [INFO] thread 10 is processing the 396 / 469 pack

2026-09-11 13:30:35 [INFO] thread 6 is processing the 397 / 469 pack

2026-09-11 13:30:35 [INFO] thread 3 is processing the 398 / 469 pack

2026-09-11 13:30:35 [INFO] thread 9 is processing the 399 / 469 pack

2026-09-11 13:30:35 [INFO] thread 8 is processing the 400 / 469 pack

2026-09-11 13:30:35 [INFO] thread 7 is processing the 401 / 469 pack

2026-09-11 13:30:35 [INFO] thread 2 is processing the 402 / 469 pack

2026-09-11 13:30:35 [INFO] thread 1 is processing the 403 / 469 pack

2026-09-11 13:30:35 [INFO] thread 5 is processing the 404 / 469 pack

2026-09-11 13:30:35 [INFO] thread 4 is processing the 405 / 469 pack

2026-09-11 13:30:35 [INFO] thread 10 is processing the 406 / 469 pack

2026-09-11 13:30:35 [INFO] thread 6 is processing the 407 / 469 pack

2026-09-11 13:30:35 [INFO] thread 3 is processing the 408 / 469 pack

2026-09-11 13:30:35 [INFO] thread 9 is processing the 409 / 469 pack

2026-09-11 13:30:35 [INFO] thread 2 is processing the 410 / 469 pack

2026-09-11 13:30:35 [INFO] thread 7 is processing the 411 / 469 pack

2026-09-11 13:30:35 [INFO] thread 5 is processing the 412 / 469 pack

2026-09-11 13:30:35 [INFO] thread 8 is processing the 413 / 469 pack

2026-09-11 13:30:35 [INFO] thread 1 is processing the 414 / 469 pack

2026-09-11 13:30:35 [INFO] thread 4 is processing the 415 / 469 pack

2026-09-11 13:30:35 [INFO] thread 10 is processing the 416 / 469 pack

2026-09-11 13:30:35 [INFO] thread 6 is processing the 417 / 469 pack

2026-09-11 13:30:35 [INFO] thread 3 is processing the 418 / 469 pack

2026-09-11 13:30:35 [INFO] thread 2 is processing the 419 / 469 pack

2026-09-11 13:30:35 [INFO] thread 9 is processing the 420 / 469 pack

2026-09-11 13:30:35 [INFO] thread 7 is processing the 421 / 469 pack

2026-09-11 13:30:35 [INFO] thread 5 is processing the 422 / 469 pack

2026-09-11 13:30:35 [INFO] thread 8 is processing the 423 / 469 pack

2026-09-11 13:30:35 [INFO] thread 1 is processing the 424 / 469 pack

2026-09-11 13:30:35 [INFO] thread 6 is processing the 425 / 469 pack

2026-09-11 13:30:35 [INFO] thread 4 is processing the 426 / 469 pack

2026-09-11 13:30:35 [INFO] thread 10 is processing the 427 / 469 pack

2026-09-11 13:30:35 [INFO] thread 2 is processing the 428 / 469 pack

2026-09-11 13:30:35 [INFO] thread 3 is processing the 429 / 469 pack

2026-09-11 13:30:35 [INFO] thread 9 is processing the 430 / 469 pack

2026-09-11 13:30:35 [INFO] thread 7 is processing the 431 / 469 pack

2026-09-11 13:30:35 [INFO] thread 5 is processing the 432 / 469 pack

2026-09-11 13:30:35 [INFO] thread 8 is processing the 433 / 469 pack

2026-09-11 13:30:35 [INFO] thread 1 is processing the 434 / 469 pack

2026-09-11 13:30:35 [INFO] thread 6 is processing the 435 / 469 pack

2026-09-11 13:30:35 [INFO] thread 4 is processing the 436 / 469 pack

2026-09-11 13:30:35 [INFO] thread 10 is processing the 437 / 469 pack

2026-09-11 13:30:35 [INFO] thread 2 is processing the 438 / 469 pack

2026-09-11 13:30:35 [INFO] thread 3 is processing the 439 / 469 pack

2026-09-11 13:30:35 [INFO] thread 7 is processing the 440 / 469 pack

2026-09-11 13:30:35 [INFO] thread 5 is processing the 441 / 469 pack

2026-09-11 13:30:35 [INFO] thread 8 is processing the 442 / 469 pack

2026-09-11 13:30:35 [INFO] thread 1 is processing the 443 / 469 pack

2026-09-11 13:30:35 [INFO] thread 9 is processing the 444 / 469 pack

2026-09-11 13:30:35 [INFO] thread 5 is processing the 445 / 469 pack

2026-09-11 13:30:35 [INFO] thread 1 is processing the 446 / 469 pack

2026-09-11 13:30:35 [INFO] thread 8 is processing the 447 / 469 pack

2026-09-11 13:30:35 [INFO] thread 9 is processing the 448 / 469 pack

2026-09-11 13:30:35 [INFO] thread 5 is processing the 449 / 469 pack

2026-09-11 13:30:35 [INFO] thread 8 is processing the 450 / 469 pack

2026-09-11 13:30:35 [INFO] thread 1 is processing the 451 / 469 pack

2026-09-11 13:30:35 [INFO] thread 6 is processing the 452 / 469 pack

2026-09-11 13:30:35 [INFO] thread 9 is processing the 453 / 469 pack

2026-09-11 13:30:35 [INFO] thread 7 is processing the 454 / 469 pack

2026-09-11 13:30:35 [INFO] thread 5 is processing the 455 / 469 pack

2026-09-11 13:30:35 [INFO] thread 4 is processing the 456 / 469 pack

2026-09-11 13:30:35 [INFO] thread 8 is processing the 457 / 469 pack

2026-09-11 13:30:35 [INFO] thread 10 is processing the 458 / 469 pack

2026-09-11 13:30:35 [INFO] thread 1 is processing the 459 / 469 pack

2026-09-11 13:30:35 [INFO] thread 9 is processing the 460 / 469 pack

2026-09-11 13:30:35 [INFO] thread 6 is processing the 461 / 469 pack

2026-09-11 13:30:35 [INFO] thread 7 is processing the 462 / 469 pack

2026-09-11 13:30:35 [INFO] thread 5 is processing the 463 / 469 pack

2026-09-11 13:30:35 [INFO] thread 4 is processing the 464 / 469 pack

2026-09-11 13:30:35 [INFO] thread 10 is processing the 465 / 469 pack

2026-09-11 13:30:35 [INFO] thread 2 is processing the 466 / 469 pack

2026-09-11 13:30:35 [INFO] thread 8 is processing the 467 / 469 pack

2026-09-11 13:30:35 [INFO] thread 1 is processing the 468 / 469 pack

2026-09-11 13:30:35 [INFO] thread 3 data processing completed

2026-09-11 13:30:35 [INFO] thread 3 finished

2026-09-11 13:30:35 [INFO] thread 9 data processing completed

2026-09-11 13:30:35 [INFO] thread 9 finished

2026-09-11 13:30:35 [INFO] thread 6 data processing completed

2026-09-11 13:30:35 [INFO] thread 6 finished

2026-09-11 13:30:35 [INFO] thread 7 data processing completed

2026-09-11 13:30:35 [INFO] thread 7 finished

2026-09-11 13:30:35 [INFO] thread 5 data processing completed

2026-09-11 13:30:35 [INFO] thread 5 finished

2026-09-11 13:30:35 [INFO] thread 10 data processing completed

2026-09-11 13:30:35 [INFO] thread 10 finished

2026-09-11 13:30:35 [INFO] thread 4 data processing completed

2026-09-11 13:30:35 [INFO] thread 4 finished

2026-09-11 13:30:35 [INFO] thread 2 data processing completed

2026-09-11 13:30:35 [INFO] thread 2 finished

2026-09-11 13:30:35 [INFO] thread 8 data processing completed

2026-09-11 13:30:35 [INFO] thread 8 finished

2026-09-11 13:30:35 [INFO] thread 1 data processing completed

2026-09-11 13:30:35 [INFO] thread 1 finished

2026-09-11 13:30:35 [INFO] /home/liup/project/data/demon/out_tod7/sample_2_output_reads.fastq.gz writer finished

2026-09-11 13:30:35 [INFO] start to generate reports

2026-09-11 13:30:35 [INFO] Starting to write SNV table!

2026-09-11 13:30:35 [INFO] Starting to write haplotype table!

2026-09-11 13:30:35 [INFO] Starting to write ML haplotype table!

2026-09-11 13:30:35 [INFO] Starting to write amplicon table!

2026-09-11 13:30:35 [INFO] Starting to write error rate table!

2026-09-11 13:30:35 [INFO] Finished writing genotype table!

2026-09-11 13:30:35 [INFO] Finished writing ML haplotype table!

2026-09-11 13:30:35 [INFO] Finished writing amplicon table!

2026-09-11 13:30:35 [INFO] Finished writing error rate table!

2026-09-11 13:30:35 [INFO] Duplication rate: 14.8203%

2026-09-11 13:30:35 [INFO] Insert size peak (evaluated by paired-end reads): 200

2026-09-11 13:30:35 [INFO] Finished Json report

2026-09-11 13:30:35 [INFO] Finished Html report

2026-09-11 13:30:35 [INFO] JSON report: /home/liup/project/data/demon/out_tod7/sample_2.json

2026-09-11 13:30:35 [INFO] HTML report: /home/liup/project/data/demon/out_tod7/sample_2.html

2026-09-11 13:30:35 [INFO] seqtyper --var snp --loc /home/liup/project/data/demon/loc_combined.txt --minReads4Locus 30 --maxMismatchesPSeq 4 --thread 10 --average_qual 20 --length_required 30 --smProp1H 0.8 --smProp1L 0.72 --mmProp1H 0.8 --mmProp1L 0.78 --mProp2 0.7 --minReads4Allele 10 --maxRVs4Align 6 --prefix /home/liup/project/data/demon/out_tod7/sample_2 --in1 /home/liup/project/data/demon/raw_combined/sample_2_R1.fastq.gz --in2 /home/liup/project/data/demon/raw_combined/sample_2_R2.fastq.gz --verbose 

2026-09-11 13:30:35 [INFO] seq2typer v2.1.0.0, time used: 9 seconds

2026-09-11 13:30:35 [INFO] seq2typer v2.1.0.0, time used: 9 seconds

2026-09-11 13:30:35 [INFO] reading sample sample_2 outputs

2026-09-11 13:30:35 [INFO] reading sample sample_2 genotype done!

2026-09-11 13:30:35 [INFO] reading sample sample_2 reads done!

2026-09-11 13:30:35 [INFO] reading sample sample_2 jason file done!

2026-09-11 13:30:35 [INFO] ploting sample sample_2 reads quality done!

2026-09-11 13:30:35 [INFO] Finish the processing sample: sample_2, 2 out of 8 samples

2026-09-11 13:30:35 [INFO] ---------------------------------------------------------end index: 2----------------------------------------------------



2026-09-11 13:30:35 [INFO] ---------------------------------------------------------start index: 3--------------------------------------------------

2026-09-11 13:30:35 [INFO] Start to process sample: sample_3, 3 out of 8 samples

2026-09-11 13:30:35 [INFO] Running Seq2Type for sample: sample_3, this is slow and please be patient!

2026-09-11 13:30:35 [INFO] Reading locus file: /home/liup/project/data/demon/loc_combined.txt

2026-09-11 13:30:35 [INFO] Read loci of: 10

2026-09-11 13:30:35 [INFO] start to load data

2026-09-11 13:30:41 [INFO] all reads loaded, start to monitor thread status

2026-09-11 13:30:41 [INFO] thread 4 is processing the 300 / 482 pack

2026-09-11 13:30:41 [INFO] thread 7 is processing the 301 / 482 pack

2026-09-11 13:30:41 [INFO] thread 1 is processing the 302 / 482 pack

2026-09-11 13:30:41 [INFO] thread 6 is processing the 303 / 482 pack

2026-09-11 13:30:41 [INFO] thread 9 is processing the 304 / 482 pack

2026-09-11 13:30:41 [INFO] thread 10 is processing the 305 / 482 pack

2026-09-11 13:30:41 [INFO] thread 3 is processing the 306 / 482 pack

2026-09-11 13:30:41 [INFO] thread 2 is processing the 307 / 482 pack

2026-09-11 13:30:42 [INFO] thread 5 is processing the 308 / 482 pack

2026-09-11 13:30:42 [INFO] thread 8 is processing the 309 / 482 pack

2026-09-11 13:30:42 [INFO] thread 7 is processing the 310 / 482 pack

2026-09-11 13:30:42 [INFO] thread 4 is processing the 311 / 482 pack

2026-09-11 13:30:42 [INFO] thread 1 is processing the 312 / 482 pack

2026-09-11 13:30:42 [INFO] thread 6 is processing the 313 / 482 pack

2026-09-11 13:30:42 [INFO] thread 9 is processing the 314 / 482 pack

2026-09-11 13:30:42 [INFO] thread 10 is processing the 315 / 482 pack

2026-09-11 13:30:42 [INFO] thread 2 is processing the 316 / 482 pack

2026-09-11 13:30:42 [INFO] thread 3 is processing the 317 / 482 pack

2026-09-11 13:30:42 [INFO] thread 8 is processing the 318 / 482 pack

2026-09-11 13:30:42 [INFO] thread 5 is processing the 319 / 482 pack

2026-09-11 13:30:42 [INFO] thread 4 is processing the 320 / 482 pack

2026-09-11 13:30:42 [INFO] thread 7 is processing the 321 / 482 pack

2026-09-11 13:30:42 [INFO] thread 6 is processing the 322 / 482 pack

2026-09-11 13:30:42 [INFO] thread 1 is processing the 323 / 482 pack

2026-09-11 13:30:42 [INFO] thread 5 is processing the 324 / 482 pack

2026-09-11 13:30:42 [INFO] thread 2 is processing the 325 / 482 pack

2026-09-11 13:30:42 [INFO] thread 8 is processing the 326 / 482 pack

2026-09-11 13:30:42 [INFO] thread 10 is processing the 327 / 482 pack

2026-09-11 13:30:43 [INFO] thread 3 is processing the 328 / 482 pack

2026-09-11 13:30:43 [INFO] thread 9 is processing the 329 / 482 pack

2026-09-11 13:30:43 [INFO] thread 4 is processing the 330 / 482 pack

2026-09-11 13:30:43 [INFO] thread 7 is processing the 331 / 482 pack

2026-09-11 13:30:43 [INFO] thread 6 is processing the 332 / 482 pack

2026-09-11 13:30:43 [INFO] thread 1 is processing the 333 / 482 pack

2026-09-11 13:30:43 [INFO] thread 2 is processing the 334 / 482 pack

2026-09-11 13:30:43 [INFO] thread 5 is processing the 335 / 482 pack

2026-09-11 13:30:43 [INFO] thread 10 is processing the 336 / 482 pack

2026-09-11 13:30:43 [INFO] thread 8 is processing the 337 / 482 pack

2026-09-11 13:30:43 [INFO] thread 9 is processing the 338 / 482 pack

2026-09-11 13:30:43 [INFO] thread 3 is processing the 339 / 482 pack

2026-09-11 13:30:43 [INFO] thread 4 is processing the 340 / 482 pack

2026-09-11 13:30:43 [INFO] thread 7 is processing the 341 / 482 pack

2026-09-11 13:30:43 [INFO] thread 6 is processing the 342 / 482 pack

2026-09-11 13:30:43 [INFO] thread 1 is processing the 343 / 482 pack

2026-09-11 13:30:43 [INFO] thread 5 is processing the 344 / 482 pack

2026-09-11 13:30:43 [INFO] thread 2 is processing the 345 / 482 pack

2026-09-11 13:30:43 [INFO] thread 10 is processing the 346 / 482 pack

2026-09-11 13:30:43 [INFO] thread 8 is processing the 347 / 482 pack

2026-09-11 13:30:44 [INFO] thread 9 is processing the 348 / 482 pack

2026-09-11 13:30:44 [INFO] thread 3 is processing the 349 / 482 pack

2026-09-11 13:30:44 [INFO] thread 4 is processing the 350 / 482 pack

2026-09-11 13:30:44 [INFO] thread 6 is processing the 351 / 482 pack

2026-09-11 13:30:44 [INFO] thread 7 is processing the 352 / 482 pack

2026-09-11 13:30:44 [INFO] thread 1 is processing the 353 / 482 pack

2026-09-11 13:30:44 [INFO] thread 5 is processing the 354 / 482 pack

2026-09-11 13:30:44 [INFO] thread 8 is processing the 355 / 482 pack

2026-09-11 13:30:44 [INFO] thread 2 is processing the 356 / 482 pack

2026-09-11 13:30:44 [INFO] thread 10 is processing the 357 / 482 pack

2026-09-11 13:30:44 [INFO] thread 9 is processing the 358 / 482 pack

2026-09-11 13:30:44 [INFO] thread 4 is processing the 359 / 482 pack

2026-09-11 13:30:44 [INFO] thread 3 is processing the 360 / 482 pack

2026-09-11 13:30:44 [INFO] thread 6 is processing the 361 / 482 pack

2026-09-11 13:30:44 [INFO] thread 7 is processing the 362 / 482 pack

2026-09-11 13:30:44 [INFO] thread 1 is processing the 363 / 482 pack

2026-09-11 13:30:44 [INFO] thread 2 is processing the 364 / 482 pack

2026-09-11 13:30:44 [INFO] thread 5 is processing the 365 / 482 pack

2026-09-11 13:30:44 [INFO] thread 10 is processing the 366 / 482 pack

2026-09-11 13:30:44 [INFO] thread 9 is processing the 367 / 482 pack

2026-09-11 13:30:45 [INFO] thread 8 is processing the 368 / 482 pack

2026-09-11 13:30:45 [INFO] thread 4 is processing the 369 / 482 pack

2026-09-11 13:30:45 [INFO] thread 3 is processing the 370 / 482 pack

2026-09-11 13:30:45 [INFO] thread 1 is processing the 371 / 482 pack

2026-09-11 13:30:45 [INFO] thread 6 is processing the 372 / 482 pack

2026-09-11 13:30:45 [INFO] starting to read geno output file for sample: sample_3
2026-09-11 13:30:45 [INFO] starting to read ml output file for sample: sample_3
2026-09-11 13:30:45 [INFO] starting to read ml file for sample: sample_3
2026-09-11 13:30:45 [INFO] finished to read ml file for sample: sample_3
2026-09-11 13:30:45 [INFO] starting to read microhap output file for sample: sample_3
2026-09-11 13:30:45 [INFO] starting to read sample sample_3 mh file
2026-09-11 13:30:45 [INFO] finished to read sample sample_3 mh file
2026-09-11 13:30:45 [INFO] starting to read amplicon output file for sample: sample_3
2026-09-11 13:30:45 [INFO] starting to read sample sample_3 amplicon file
2026-09-11 13:30:45 [INFO] finished to read sample sample_3 amplicon file
2026-09-11 13:30:45 [INFO] starting to read snp file for sample: sample_3
2026-09-11 13:30:45 [INFO] starting to read snp file for sample: sample_3
2026-09-11 13:30:45 [INFO] finished to read snp file for sample: sample_3
2026-09-11 13:30:45 [INFO] finished to read geno output file for sample: sample_3
2026-09-11 13:30:45 [INFO] thread 7 is processing the 373 / 482 pack

2026-09-11 13:30:45 [INFO] thread 2 is processing the 374 / 482 pack

2026-09-11 13:30:45 [INFO] thread 5 is processing the 375 / 482 pack

2026-09-11 13:30:45 [INFO] thread 9 is processing the 376 / 482 pack

2026-09-11 13:30:45 [INFO] thread 10 is processing the 377 / 482 pack

2026-09-11 13:30:45 [INFO] thread 8 is processing the 378 / 482 pack

2026-09-11 13:30:45 [INFO] thread 4 is processing the 379 / 482 pack

2026-09-11 13:30:45 [INFO] thread 3 is processing the 380 / 482 pack

2026-09-11 13:30:45 [INFO] thread 1 is processing the 381 / 482 pack

2026-09-11 13:30:45 [INFO] thread 6 is processing the 382 / 482 pack

2026-09-11 13:30:46 [INFO] thread 2 is processing the 383 / 482 pack

2026-09-11 13:30:46 [INFO] thread 5 is processing the 384 / 482 pack

2026-09-11 13:30:46 [INFO] thread 9 is processing the 385 / 482 pack

2026-09-11 13:30:46 [INFO] thread 7 is processing the 386 / 482 pack

2026-09-11 13:30:46 [INFO] thread 4 is processing the 387 / 482 pack

2026-09-11 13:30:46 [INFO] thread 3 is processing the 388 / 482 pack

2026-09-11 13:30:46 [INFO] thread 10 is processing the 389 / 482 pack

2026-09-11 13:30:46 [INFO] thread 8 is processing the 390 / 482 pack

2026-09-11 13:30:46 [INFO] thread 1 is processing the 391 / 482 pack

2026-09-11 13:30:46 [INFO] thread 6 is processing the 392 / 482 pack

2026-09-11 13:30:46 [INFO] thread 5 is processing the 393 / 482 pack

2026-09-11 13:30:46 [INFO] thread 2 is processing the 394 / 482 pack

2026-09-11 13:30:46 [INFO] thread 9 is processing the 395 / 482 pack

2026-09-11 13:30:46 [INFO] thread 7 is processing the 396 / 482 pack

2026-09-11 13:30:46 [INFO] thread 3 is processing the 397 / 482 pack

2026-09-11 13:30:46 [INFO] thread 1 is processing the 398 / 482 pack

2026-09-11 13:30:46 [INFO] thread 10 is processing the 399 / 482 pack

2026-09-11 13:30:46 [INFO] thread 4 is processing the 400 / 482 pack

2026-09-11 13:30:46 [INFO] thread 6 is processing the 401 / 482 pack

2026-09-11 13:30:46 [INFO] thread 8 is processing the 402 / 482 pack

2026-09-11 13:30:46 [INFO] thread 5 is processing the 403 / 482 pack

2026-09-11 13:30:46 [INFO] thread 9 is processing the 404 / 482 pack

2026-09-11 13:30:46 [INFO] thread 2 is processing the 405 / 482 pack

2026-09-11 13:30:46 [INFO] thread 7 is processing the 406 / 482 pack

2026-09-11 13:30:46 [INFO] thread 4 is processing the 407 / 482 pack

2026-09-11 13:30:46 [INFO] thread 6 is processing the 408 / 482 pack

2026-09-11 13:30:46 [INFO] thread 1 is processing the 409 / 482 pack

2026-09-11 13:30:46 [INFO] thread 3 is processing the 410 / 482 pack

2026-09-11 13:30:46 [INFO] thread 10 is processing the 411 / 482 pack

2026-09-11 13:30:46 [INFO] thread 8 is processing the 412 / 482 pack

2026-09-11 13:30:46 [INFO] thread 5 is processing the 413 / 482 pack

2026-09-11 13:30:46 [INFO] thread 9 is processing the 414 / 482 pack

2026-09-11 13:30:46 [INFO] thread 2 is processing the 415 / 482 pack

2026-09-11 13:30:46 [INFO] thread 4 is processing the 416 / 482 pack

2026-09-11 13:30:46 [INFO] thread 7 is processing the 417 / 482 pack

2026-09-11 13:30:46 [INFO] thread 6 is processing the 418 / 482 pack

2026-09-11 13:30:46 [INFO] thread 10 is processing the 419 / 482 pack

2026-09-11 13:30:46 [INFO] thread 3 is processing the 420 / 482 pack

2026-09-11 13:30:46 [INFO] thread 1 is processing the 421 / 482 pack

2026-09-11 13:30:46 [INFO] thread 8 is processing the 422 / 482 pack

2026-09-11 13:30:46 [INFO] thread 5 is processing the 423 / 482 pack

2026-09-11 13:30:46 [INFO] thread 9 is processing the 424 / 482 pack

2026-09-11 13:30:46 [INFO] thread 2 is processing the 425 / 482 pack

2026-09-11 13:30:46 [INFO] thread 4 is processing the 426 / 482 pack

2026-09-11 13:30:46 [INFO] thread 6 is processing the 427 / 482 pack

2026-09-11 13:30:46 [INFO] thread 7 is processing the 428 / 482 pack

2026-09-11 13:30:46 [INFO] thread 10 is processing the 429 / 482 pack

2026-09-11 13:30:46 [INFO] thread 1 is processing the 430 / 482 pack

2026-09-11 13:30:46 [INFO] thread 8 is processing the 431 / 482 pack

2026-09-11 13:30:46 [INFO] thread 3 is processing the 432 / 482 pack

2026-09-11 13:30:46 [INFO] thread 9 is processing the 433 / 482 pack

2026-09-11 13:30:46 [INFO] thread 5 is processing the 434 / 482 pack

2026-09-11 13:30:46 [INFO] thread 2 is processing the 435 / 482 pack

2026-09-11 13:30:46 [INFO] thread 4 is processing the 436 / 482 pack

2026-09-11 13:30:46 [INFO] thread 6 is processing the 437 / 482 pack

2026-09-11 13:30:46 [INFO] thread 7 is processing the 438 / 482 pack

2026-09-11 13:30:46 [INFO] thread 10 is processing the 439 / 482 pack

2026-09-11 13:30:46 [INFO] thread 1 is processing the 440 / 482 pack

2026-09-11 13:30:46 [INFO] thread 8 is processing the 441 / 482 pack

2026-09-11 13:30:46 [INFO] thread 5 is processing the 442 / 482 pack

2026-09-11 13:30:46 [INFO] thread 9 is processing the 443 / 482 pack

2026-09-11 13:30:46 [INFO] thread 2 is processing the 444 / 482 pack

2026-09-11 13:30:46 [INFO] thread 3 is processing the 445 / 482 pack

2026-09-11 13:30:46 [INFO] thread 6 is processing the 446 / 482 pack

2026-09-11 13:30:46 [INFO] thread 4 is processing the 447 / 482 pack

2026-09-11 13:30:46 [INFO] thread 7 is processing the 448 / 482 pack

2026-09-11 13:30:46 [INFO] thread 1 is processing the 449 / 482 pack

2026-09-11 13:30:46 [INFO] thread 8 is processing the 450 / 482 pack

2026-09-11 13:30:46 [INFO] thread 10 is processing the 451 / 482 pack

2026-09-11 13:30:46 [INFO] thread 4 is processing the 452 / 482 pack

2026-09-11 13:30:46 [INFO] thread 7 is processing the 453 / 482 pack

2026-09-11 13:30:46 [INFO] thread 1 is processing the 454 / 482 pack

2026-09-11 13:30:46 [INFO] thread 8 is processing the 455 / 482 pack

2026-09-11 13:30:46 [INFO] thread 9 is processing the 456 / 482 pack

2026-09-11 13:30:46 [INFO] thread 2 is processing the 457 / 482 pack

2026-09-11 13:30:46 [INFO] thread 5 is processing the 458 / 482 pack

2026-09-11 13:30:46 [INFO] thread 10 is processing the 459 / 482 pack

2026-09-11 13:30:46 [INFO] thread 4 is processing the 460 / 482 pack

2026-09-11 13:30:46 [INFO] thread 3 is processing the 461 / 482 pack

2026-09-11 13:30:46 [INFO] thread 7 is processing the 462 / 482 pack

2026-09-11 13:30:46 [INFO] thread 1 is processing the 463 / 482 pack

2026-09-11 13:30:46 [INFO] thread 8 is processing the 464 / 482 pack

2026-09-11 13:30:46 [INFO] thread 9 is processing the 465 / 482 pack

2026-09-11 13:30:46 [INFO] thread 2 is processing the 466 / 482 pack

2026-09-11 13:30:46 [INFO] thread 5 is processing the 467 / 482 pack

2026-09-11 13:30:46 [INFO] thread 10 is processing the 468 / 482 pack

2026-09-11 13:30:46 [INFO] thread 4 is processing the 469 / 482 pack

2026-09-11 13:30:46 [INFO] thread 3 is processing the 470 / 482 pack

2026-09-11 13:30:46 [INFO] thread 6 is processing the 471 / 482 pack

2026-09-11 13:30:46 [INFO] thread 7 is processing the 472 / 482 pack

2026-09-11 13:30:46 [INFO] thread 8 is processing the 473 / 482 pack

2026-09-11 13:30:47 [INFO] thread 1 is processing the 474 / 482 pack

2026-09-11 13:30:47 [INFO] thread 9 is processing the 475 / 482 pack

2026-09-11 13:30:47 [INFO] thread 2 is processing the 476 / 482 pack

2026-09-11 13:30:47 [INFO] thread 5 is processing the 477 / 482 pack

2026-09-11 13:30:47 [INFO] thread 10 is processing the 478 / 482 pack

2026-09-11 13:30:47 [INFO] thread 4 is processing the 479 / 482 pack

2026-09-11 13:30:47 [INFO] thread 3 is processing the 480 / 482 pack

2026-09-11 13:30:47 [INFO] thread 7 is processing the 481 / 482 pack

2026-09-11 13:30:47 [INFO] thread 6 data processing completed

2026-09-11 13:30:47 [INFO] thread 6 finished

2026-09-11 13:30:47 [INFO] thread 8 data processing completed

2026-09-11 13:30:47 [INFO] thread 8 finished

2026-09-11 13:30:47 [INFO] thread 1 data processing completed

2026-09-11 13:30:47 [INFO] thread 1 finished

2026-09-11 13:30:47 [INFO] thread 7 data processing completed

2026-09-11 13:30:47 [INFO] thread 7 finished

2026-09-11 13:30:47 [INFO] thread 9 data processing completed

2026-09-11 13:30:47 [INFO] thread 9 finished

2026-09-11 13:30:47 [INFO] thread 2 data processing completed

2026-09-11 13:30:47 [INFO] thread 2 finished

2026-09-11 13:30:47 [INFO] thread 5 data processing completed

2026-09-11 13:30:47 [INFO] thread 5 finished

2026-09-11 13:30:47 [INFO] thread 10 data processing completed

2026-09-11 13:30:47 [INFO] thread 10 finished

2026-09-11 13:30:47 [INFO] thread 4 data processing completed

2026-09-11 13:30:47 [INFO] thread 4 finished

2026-09-11 13:30:47 [INFO] thread 3 data processing completed

2026-09-11 13:30:47 [INFO] thread 3 finished

2026-09-11 13:30:47 [INFO] /home/liup/project/data/demon/out_tod7/sample_3_output_reads.fastq.gz writer finished

2026-09-11 13:30:47 [INFO] start to generate reports

2026-09-11 13:30:47 [INFO] Starting to write SNV table!

2026-09-11 13:30:47 [INFO] Starting to write haplotype table!

2026-09-11 13:30:47 [INFO] Starting to write ML haplotype table!

2026-09-11 13:30:47 [INFO] Starting to write amplicon table!

2026-09-11 13:30:47 [INFO] Starting to write error rate table!

2026-09-11 13:30:47 [INFO] Finished writing genotype table!

2026-09-11 13:30:47 [INFO] Finished writing ML haplotype table!

2026-09-11 13:30:47 [INFO] Finished writing amplicon table!

2026-09-11 13:30:47 [INFO] Finished writing error rate table!

2026-09-11 13:30:47 [INFO] Duplication rate: 13.482%

2026-09-11 13:30:47 [INFO] Insert size peak (evaluated by paired-end reads): 150

2026-09-11 13:30:47 [INFO] Finished Json report

2026-09-11 13:30:47 [INFO] Finished Html report

2026-09-11 13:30:47 [INFO] JSON report: /home/liup/project/data/demon/out_tod7/sample_3.json

2026-09-11 13:30:47 [INFO] HTML report: /home/liup/project/data/demon/out_tod7/sample_3.html

2026-09-11 13:30:47 [INFO] seqtyper --var snp --loc /home/liup/project/data/demon/loc_combined.txt --minReads4Locus 30 --maxMismatchesPSeq 4 --thread 10 --average_qual 20 --length_required 30 --smProp1H 0.8 --smProp1L 0.72 --mmProp1H 0.8 --mmProp1L 0.78 --mProp2 0.7 --minReads4Allele 10 --maxRVs4Align 6 --prefix /home/liup/project/data/demon/out_tod7/sample_3 --in1 /home/liup/project/data/demon/raw_combined/sample_3_R1.fastq.gz --in2 /home/liup/project/data/demon/raw_combined/sample_3_R2.fastq.gz --verbose 

2026-09-11 13:30:47 [INFO] seq2typer v2.1.0.0, time used: 10 seconds

2026-09-11 13:30:47 [INFO] seq2typer v2.1.0.0, time used: 10 seconds

2026-09-11 13:30:47 [INFO] reading sample sample_3 outputs

2026-09-11 13:30:47 [INFO] reading sample sample_3 genotype done!

2026-09-11 13:30:47 [INFO] reading sample sample_3 reads done!

2026-09-11 13:30:47 [INFO] reading sample sample_3 jason file done!

2026-09-11 13:30:47 [INFO] ploting sample sample_3 reads quality done!

2026-09-11 13:30:47 [INFO] Finish the processing sample: sample_3, 3 out of 8 samples

2026-09-11 13:30:47 [INFO] ---------------------------------------------------------end index: 3----------------------------------------------------



2026-09-11 13:30:47 [INFO] ---------------------------------------------------------start index: 4--------------------------------------------------

2026-09-11 13:30:47 [INFO] Start to process sample: sample_4, 4 out of 8 samples

2026-09-11 13:30:47 [INFO] Running Seq2Type for sample: sample_4, this is slow and please be patient!

2026-09-11 13:30:47 [INFO] Reading locus file: /home/liup/project/data/demon/loc_combined.txt

2026-09-11 13:30:47 [INFO] Read loci of: 10

2026-09-11 13:30:47 [INFO] start to load data

2026-09-11 13:30:53 [INFO] all reads loaded, start to monitor thread status

2026-09-11 13:30:53 [INFO] thread 5 is processing the 289 / 468 pack

2026-09-11 13:30:53 [INFO] thread 10 is processing the 290 / 468 pack

2026-09-11 13:30:54 [INFO] thread 7 is processing the 291 / 468 pack

2026-09-11 13:30:54 [INFO] thread 4 is processing the 292 / 468 pack

2026-09-11 13:30:54 [INFO] thread 1 is processing the 293 / 468 pack

2026-09-11 13:30:54 [INFO] thread 2 is processing the 294 / 468 pack

2026-09-11 13:30:54 [INFO] thread 6 is processing the 295 / 468 pack

2026-09-11 13:30:54 [INFO] thread 8 is processing the 296 / 468 pack

2026-09-11 13:30:54 [INFO] thread 3 is processing the 297 / 468 pack

2026-09-11 13:30:54 [INFO] thread 9 is processing the 298 / 468 pack

2026-09-11 13:30:54 [INFO] thread 5 is processing the 299 / 468 pack

2026-09-11 13:30:54 [INFO] thread 10 is processing the 300 / 468 pack

2026-09-11 13:30:54 [INFO] thread 7 is processing the 301 / 468 pack

2026-09-11 13:30:54 [INFO] thread 4 is processing the 302 / 468 pack

2026-09-11 13:30:54 [INFO] thread 2 is processing the 303 / 468 pack

2026-09-11 13:30:54 [INFO] thread 6 is processing the 304 / 468 pack

2026-09-11 13:30:54 [INFO] thread 1 is processing the 305 / 468 pack

2026-09-11 13:30:54 [INFO] thread 8 is processing the 306 / 468 pack

2026-09-11 13:30:54 [INFO] thread 3 is processing the 307 / 468 pack

2026-09-11 13:30:54 [INFO] thread 9 is processing the 308 / 468 pack

2026-09-11 13:30:54 [INFO] thread 5 is processing the 309 / 468 pack

2026-09-11 13:30:55 [INFO] thread 10 is processing the 310 / 468 pack

2026-09-11 13:30:55 [INFO] thread 7 is processing the 311 / 468 pack

2026-09-11 13:30:55 [INFO] thread 4 is processing the 312 / 468 pack

2026-09-11 13:30:55 [INFO] thread 6 is processing the 313 / 468 pack

2026-09-11 13:30:55 [INFO] thread 8 is processing the 314 / 468 pack

2026-09-11 13:30:55 [INFO] thread 3 is processing the 315 / 468 pack

2026-09-11 13:30:55 [INFO] thread 2 is processing the 316 / 468 pack

2026-09-11 13:30:55 [INFO] thread 1 is processing the 317 / 468 pack

2026-09-11 13:30:55 [INFO] thread 9 is processing the 318 / 468 pack

2026-09-11 13:30:55 [INFO] thread 10 is processing the 319 / 468 pack

2026-09-11 13:30:55 [INFO] thread 5 is processing the 320 / 468 pack

2026-09-11 13:30:55 [INFO] thread 7 is processing the 321 / 468 pack

2026-09-11 13:30:55 [INFO] thread 4 is processing the 322 / 468 pack

2026-09-11 13:30:55 [INFO] thread 6 is processing the 323 / 468 pack

2026-09-11 13:30:55 [INFO] thread 1 is processing the 324 / 468 pack

2026-09-11 13:30:55 [INFO] thread 2 is processing the 325 / 468 pack

2026-09-11 13:30:55 [INFO] thread 8 is processing the 326 / 468 pack

2026-09-11 13:30:55 [INFO] thread 3 is processing the 327 / 468 pack

2026-09-11 13:30:55 [INFO] thread 9 is processing the 328 / 468 pack

2026-09-11 13:30:55 [INFO] thread 10 is processing the 329 / 468 pack

2026-09-11 13:30:56 [INFO] thread 5 is processing the 330 / 468 pack

2026-09-11 13:30:56 [INFO] thread 7 is processing the 331 / 468 pack

2026-09-11 13:30:56 [INFO] thread 4 is processing the 332 / 468 pack

2026-09-11 13:30:56 [INFO] thread 6 is processing the 333 / 468 pack

2026-09-11 13:30:56 [INFO] thread 2 is processing the 334 / 468 pack

2026-09-11 13:30:56 [INFO] thread 3 is processing the 335 / 468 pack

2026-09-11 13:30:56 [INFO] thread 9 is processing the 336 / 468 pack

2026-09-11 13:30:56 [INFO] thread 8 is processing the 337 / 468 pack

2026-09-11 13:30:56 [INFO] thread 1 is processing the 338 / 468 pack

2026-09-11 13:30:56 [INFO] thread 7 is processing the 339 / 468 pack

2026-09-11 13:30:56 [INFO] thread 10 is processing the 340 / 468 pack

2026-09-11 13:30:56 [INFO] thread 5 is processing the 341 / 468 pack

2026-09-11 13:30:56 [INFO] thread 4 is processing the 342 / 468 pack

2026-09-11 13:30:56 [INFO] thread 6 is processing the 343 / 468 pack

2026-09-11 13:30:56 [INFO] thread 3 is processing the 344 / 468 pack

2026-09-11 13:30:56 [INFO] thread 8 is processing the 345 / 468 pack

2026-09-11 13:30:56 [INFO] thread 9 is processing the 346 / 468 pack

2026-09-11 13:30:56 [INFO] thread 2 is processing the 347 / 468 pack

2026-09-11 13:30:56 [INFO] thread 1 is processing the 348 / 468 pack

2026-09-11 13:30:57 [INFO] thread 7 is processing the 349 / 468 pack

2026-09-11 13:30:57 [INFO] thread 10 is processing the 350 / 468 pack

2026-09-11 13:30:57 [INFO] thread 5 is processing the 351 / 468 pack

2026-09-11 13:30:57 [INFO] thread 4 is processing the 352 / 468 pack

2026-09-11 13:30:57 [INFO] thread 6 is processing the 353 / 468 pack

2026-09-11 13:30:57 [INFO] thread 3 is processing the 354 / 468 pack

2026-09-11 13:30:57 [INFO] thread 9 is processing the 355 / 468 pack

2026-09-11 13:30:57 [INFO] thread 8 is processing the 356 / 468 pack

2026-09-11 13:30:57 [INFO] thread 2 is processing the 357 / 468 pack

2026-09-11 13:30:57 [INFO] thread 1 is processing the 358 / 468 pack

2026-09-11 13:30:57 [INFO] thread 7 is processing the 359 / 468 pack

2026-09-11 13:30:57 [INFO] thread 5 is processing the 360 / 468 pack

2026-09-11 13:30:57 [INFO] thread 4 is processing the 361 / 468 pack

2026-09-11 13:30:57 [INFO] thread 6 is processing the 362 / 468 pack

2026-09-11 13:30:57 [INFO] thread 10 is processing the 363 / 468 pack

2026-09-11 13:30:57 [INFO] starting to read geno output file for sample: sample_4
2026-09-11 13:30:57 [INFO] starting to read ml output file for sample: sample_4
2026-09-11 13:30:57 [INFO] starting to read ml file for sample: sample_4
2026-09-11 13:30:57 [INFO] finished to read ml file for sample: sample_4
2026-09-11 13:30:57 [INFO] starting to read microhap output file for sample: sample_4
2026-09-11 13:30:57 [INFO] starting to read sample sample_4 mh file
2026-09-11 13:30:57 [INFO] finished to read sample sample_4 mh file
2026-09-11 13:30:57 [INFO] starting to read amplicon output file for sample: sample_4
2026-09-11 13:30:57 [INFO] starting to read sample sample_4 amplicon file
2026-09-11 13:30:57 [INFO] finished to read sample sample_4 amplicon file
2026-09-11 13:30:57 [INFO] starting to read snp file for sample: sample_4
2026-09-11 13:30:57 [INFO] starting to read snp file for sample: sample_4
2026-09-11 13:30:57 [INFO] finished to read snp file for sample: sample_4
2026-09-11 13:30:57 [INFO] finished to read geno output file for sample: sample_4
2026-09-11 13:30:57 [INFO] thread 3 is processing the 364 / 468 pack

2026-09-11 13:30:57 [INFO] thread 2 is processing the 365 / 468 pack

2026-09-11 13:30:57 [INFO] thread 9 is processing the 366 / 468 pack

2026-09-11 13:30:57 [INFO] thread 8 is processing the 367 / 468 pack

2026-09-11 13:30:57 [INFO] thread 1 is processing the 368 / 468 pack

2026-09-11 13:30:57 [INFO] thread 7 is processing the 369 / 468 pack

2026-09-11 13:30:58 [INFO] thread 5 is processing the 370 / 468 pack

2026-09-11 13:30:58 [INFO] thread 4 is processing the 371 / 468 pack

2026-09-11 13:30:58 [INFO] thread 6 is processing the 372 / 468 pack

2026-09-11 13:30:58 [INFO] thread 10 is processing the 373 / 468 pack

2026-09-11 13:30:58 [INFO] thread 3 is processing the 374 / 468 pack

2026-09-11 13:30:58 [INFO] thread 2 is processing the 375 / 468 pack

2026-09-11 13:30:58 [INFO] thread 9 is processing the 376 / 468 pack

2026-09-11 13:30:58 [INFO] thread 8 is processing the 377 / 468 pack

2026-09-11 13:30:58 [INFO] thread 1 is processing the 378 / 468 pack

2026-09-11 13:30:58 [INFO] thread 7 is processing the 379 / 468 pack

2026-09-11 13:30:58 [INFO] thread 5 is processing the 380 / 468 pack

2026-09-11 13:30:58 [INFO] thread 6 is processing the 381 / 468 pack

2026-09-11 13:30:58 [INFO] thread 10 is processing the 382 / 468 pack

2026-09-11 13:30:58 [INFO] thread 4 is processing the 383 / 468 pack

2026-09-11 13:30:58 [INFO] thread 3 is processing the 384 / 468 pack

2026-09-11 13:30:58 [INFO] thread 2 is processing the 385 / 468 pack

2026-09-11 13:30:58 [INFO] thread 9 is processing the 386 / 468 pack

2026-09-11 13:30:58 [INFO] thread 8 is processing the 387 / 468 pack

2026-09-11 13:30:58 [INFO] thread 1 is processing the 388 / 468 pack

2026-09-11 13:30:58 [INFO] thread 7 is processing the 389 / 468 pack

2026-09-11 13:30:58 [INFO] thread 4 is processing the 390 / 468 pack

2026-09-11 13:30:58 [INFO] thread 6 is processing the 391 / 468 pack

2026-09-11 13:30:58 [INFO] thread 10 is processing the 392 / 468 pack

2026-09-11 13:30:58 [INFO] thread 5 is processing the 393 / 468 pack

2026-09-11 13:30:58 [INFO] thread 3 is processing the 394 / 468 pack

2026-09-11 13:30:58 [INFO] thread 2 is processing the 395 / 468 pack

2026-09-11 13:30:58 [INFO] thread 9 is processing the 396 / 468 pack

2026-09-11 13:30:58 [INFO] thread 8 is processing the 397 / 468 pack

2026-09-11 13:30:58 [INFO] thread 7 is processing the 398 / 468 pack

2026-09-11 13:30:58 [INFO] thread 4 is processing the 399 / 468 pack

2026-09-11 13:30:58 [INFO] thread 1 is processing the 400 / 468 pack

2026-09-11 13:30:58 [INFO] thread 6 is processing the 401 / 468 pack

2026-09-11 13:30:58 [INFO] thread 3 is processing the 402 / 468 pack

2026-09-11 13:30:58 [INFO] thread 8 is processing the 403 / 468 pack

2026-09-11 13:30:58 [INFO] thread 10 is processing the 404 / 468 pack

2026-09-11 13:30:58 [INFO] thread 9 is processing the 405 / 468 pack

2026-09-11 13:30:58 [INFO] thread 5 is processing the 406 / 468 pack

2026-09-11 13:30:58 [INFO] thread 2 is processing the 407 / 468 pack

2026-09-11 13:30:58 [INFO] thread 7 is processing the 408 / 468 pack

2026-09-11 13:30:58 [INFO] thread 6 is processing the 409 / 468 pack

2026-09-11 13:30:58 [INFO] thread 4 is processing the 410 / 468 pack

2026-09-11 13:30:58 [INFO] thread 1 is processing the 411 / 468 pack

2026-09-11 13:30:58 [INFO] thread 3 is processing the 412 / 468 pack

2026-09-11 13:30:58 [INFO] thread 10 is processing the 413 / 468 pack

2026-09-11 13:30:58 [INFO] thread 8 is processing the 414 / 468 pack

2026-09-11 13:30:58 [INFO] thread 9 is processing the 415 / 468 pack

2026-09-11 13:30:58 [INFO] thread 5 is processing the 416 / 468 pack

2026-09-11 13:30:58 [INFO] thread 2 is processing the 417 / 468 pack

2026-09-11 13:30:58 [INFO] thread 7 is processing the 418 / 468 pack

2026-09-11 13:30:58 [INFO] thread 6 is processing the 419 / 468 pack

2026-09-11 13:30:58 [INFO] thread 3 is processing the 420 / 468 pack

2026-09-11 13:30:58 [INFO] thread 10 is processing the 421 / 468 pack

2026-09-11 13:30:58 [INFO] thread 4 is processing the 422 / 468 pack

2026-09-11 13:30:58 [INFO] thread 9 is processing the 423 / 468 pack

2026-09-11 13:30:58 [INFO] thread 1 is processing the 424 / 468 pack

2026-09-11 13:30:59 [INFO] thread 8 is processing the 425 / 468 pack

2026-09-11 13:30:59 [INFO] thread 5 is processing the 426 / 468 pack

2026-09-11 13:30:59 [INFO] thread 2 is processing the 427 / 468 pack

2026-09-11 13:30:59 [INFO] thread 7 is processing the 428 / 468 pack

2026-09-11 13:30:59 [INFO] thread 6 is processing the 429 / 468 pack

2026-09-11 13:30:59 [INFO] thread 3 is processing the 430 / 468 pack

2026-09-11 13:30:59 [INFO] thread 10 is processing the 431 / 468 pack

2026-09-11 13:30:59 [INFO] thread 4 is processing the 432 / 468 pack

2026-09-11 13:30:59 [INFO] thread 8 is processing the 433 / 468 pack

2026-09-11 13:30:59 [INFO] thread 9 is processing the 434 / 468 pack

2026-09-11 13:30:59 [INFO] thread 1 is processing the 435 / 468 pack

2026-09-11 13:30:59 [INFO] thread 5 is processing the 436 / 468 pack

2026-09-11 13:30:59 [INFO] thread 2 is processing the 437 / 468 pack

2026-09-11 13:30:59 [INFO] thread 7 is processing the 438 / 468 pack

2026-09-11 13:30:59 [INFO] thread 6 is processing the 439 / 468 pack

2026-09-11 13:30:59 [INFO] thread 3 is processing the 440 / 468 pack

2026-09-11 13:30:59 [INFO] thread 7 is processing the 441 / 468 pack

2026-09-11 13:30:59 [INFO] thread 10 is processing the 442 / 468 pack

2026-09-11 13:30:59 [INFO] thread 4 is processing the 443 / 468 pack

2026-09-11 13:30:59 [INFO] thread 8 is processing the 444 / 468 pack

2026-09-11 13:30:59 [INFO] thread 9 is processing the 445 / 468 pack

2026-09-11 13:30:59 [INFO] thread 6 is processing the 446 / 468 pack

2026-09-11 13:30:59 [INFO] thread 3 is processing the 447 / 468 pack

2026-09-11 13:30:59 [INFO] thread 1 is processing the 448 / 468 pack

2026-09-11 13:30:59 [INFO] thread 4 is processing the 449 / 468 pack

2026-09-11 13:30:59 [INFO] thread 7 is processing the 450 / 468 pack

2026-09-11 13:30:59 [INFO] thread 10 is processing the 451 / 468 pack

2026-09-11 13:30:59 [INFO] thread 8 is processing the 452 / 468 pack

2026-09-11 13:30:59 [INFO] thread 9 is processing the 453 / 468 pack

2026-09-11 13:30:59 [INFO] thread 3 is processing the 454 / 468 pack

2026-09-11 13:30:59 [INFO] thread 2 is processing the 455 / 468 pack

2026-09-11 13:30:59 [INFO] thread 6 is processing the 456 / 468 pack

2026-09-11 13:30:59 [INFO] thread 5 is processing the 457 / 468 pack

2026-09-11 13:30:59 [INFO] thread 1 is processing the 458 / 468 pack

2026-09-11 13:30:59 [INFO] thread 4 is processing the 459 / 468 pack

2026-09-11 13:30:59 [INFO] thread 7 is processing the 460 / 468 pack

2026-09-11 13:30:59 [INFO] thread 10 is processing the 461 / 468 pack

2026-09-11 13:30:59 [INFO] thread 8 is processing the 462 / 468 pack

2026-09-11 13:30:59 [INFO] thread 3 is processing the 463 / 468 pack

2026-09-11 13:30:59 [INFO] thread 2 is processing the 464 / 468 pack

2026-09-11 13:30:59 [INFO] thread 9 is processing the 465 / 468 pack

2026-09-11 13:30:59 [INFO] thread 5 is processing the 466 / 468 pack

2026-09-11 13:30:59 [INFO] thread 6 is processing the 467 / 468 pack

2026-09-11 13:30:59 [INFO] thread 6 data processing completed

2026-09-11 13:30:59 [INFO] thread 6 finished

2026-09-11 13:30:59 [INFO] thread 1 data processing completed

2026-09-11 13:30:59 [INFO] thread 1 finished

2026-09-11 13:30:59 [INFO] thread 4 data processing completed

2026-09-11 13:30:59 [INFO] thread 4 finished

2026-09-11 13:30:59 [INFO] thread 7 data processing completed

2026-09-11 13:30:59 [INFO] thread 7 finished

2026-09-11 13:30:59 [INFO] thread 10 data processing completed

2026-09-11 13:30:59 [INFO] thread 10 finished

2026-09-11 13:30:59 [INFO] thread 8 data processing completed

2026-09-11 13:30:59 [INFO] thread 8 finished

2026-09-11 13:30:59 [INFO] thread 2 data processing completed

2026-09-11 13:30:59 [INFO] thread 2 finished

2026-09-11 13:30:59 [INFO] thread 3 data processing completed

2026-09-11 13:30:59 [INFO] thread 3 finished

2026-09-11 13:30:59 [INFO] thread 9 data processing completed

2026-09-11 13:30:59 [INFO] thread 9 finished

2026-09-11 13:30:59 [INFO] thread 5 data processing completed

2026-09-11 13:30:59 [INFO] thread 5 finished

2026-09-11 13:30:59 [INFO] /home/liup/project/data/demon/out_tod7/sample_4_output_reads.fastq.gz writer finished

2026-09-11 13:30:59 [INFO] start to generate reports

2026-09-11 13:30:59 [INFO] Starting to write SNV table!

2026-09-11 13:30:59 [INFO] Starting to write haplotype table!

2026-09-11 13:30:59 [INFO] Starting to write ML haplotype table!

2026-09-11 13:30:59 [INFO] Starting to write amplicon table!

2026-09-11 13:30:59 [INFO] Starting to write error rate table!

2026-09-11 13:30:59 [INFO] Finished writing genotype table!

2026-09-11 13:30:59 [INFO] Finished writing ML haplotype table!

2026-09-11 13:30:59 [INFO] Finished writing amplicon table!

2026-09-11 13:30:59 [INFO] Finished writing error rate table!

2026-09-11 13:30:59 [INFO] Duplication rate: 16.8623%

2026-09-11 13:30:59 [INFO] Insert size peak (evaluated by paired-end reads): 201

2026-09-11 13:30:59 [INFO] Finished Json report

2026-09-11 13:30:59 [INFO] Finished Html report

2026-09-11 13:30:59 [INFO] JSON report: /home/liup/project/data/demon/out_tod7/sample_4.json

2026-09-11 13:30:59 [INFO] HTML report: /home/liup/project/data/demon/out_tod7/sample_4.html

2026-09-11 13:30:59 [INFO] seqtyper --var snp --loc /home/liup/project/data/demon/loc_combined.txt --minReads4Locus 30 --maxMismatchesPSeq 4 --thread 10 --average_qual 20 --length_required 30 --smProp1H 0.8 --smProp1L 0.72 --mmProp1H 0.8 --mmProp1L 0.78 --mProp2 0.7 --minReads4Allele 10 --maxRVs4Align 6 --prefix /home/liup/project/data/demon/out_tod7/sample_4 --in1 /home/liup/project/data/demon/raw_combined/sample_4_R1.fastq.gz --in2 /home/liup/project/data/demon/raw_combined/sample_4_R2.fastq.gz --verbose 

2026-09-11 13:30:59 [INFO] seq2typer v2.1.0.0, time used: 11 seconds

2026-09-11 13:30:59 [INFO] seq2typer v2.1.0.0, time used: 11 seconds

2026-09-11 13:30:59 [INFO] reading sample sample_4 outputs

2026-09-11 13:30:59 [INFO] reading sample sample_4 genotype done!

2026-09-11 13:30:59 [INFO] reading sample sample_4 reads done!

2026-09-11 13:30:59 [INFO] reading sample sample_4 jason file done!

2026-09-11 13:30:59 [INFO] ploting sample sample_4 reads quality done!

2026-09-11 13:30:59 [INFO] Finish the processing sample: sample_4, 4 out of 8 samples

2026-09-11 13:30:59 [INFO] ---------------------------------------------------------end index: 4----------------------------------------------------



2026-09-11 13:30:59 [INFO] ---------------------------------------------------------start index: 5--------------------------------------------------

2026-09-11 13:30:59 [INFO] Start to process sample: sample_5, 5 out of 8 samples

2026-09-11 13:30:59 [INFO] Running Seq2Type for sample: sample_5, this is slow and please be patient!

2026-09-11 13:30:59 [INFO] Reading locus file: /home/liup/project/data/demon/loc_combined.txt

2026-09-11 13:30:59 [INFO] Read loci of: 10

2026-09-11 13:30:59 [INFO] start to load data

2026-09-11 13:31:06 [INFO] all reads loaded, start to monitor thread status

2026-09-11 13:31:06 [INFO] thread 4 is processing the 290 / 472 pack

2026-09-11 13:31:06 [INFO] thread 5 is processing the 291 / 472 pack

2026-09-11 13:31:06 [INFO] thread 6 is processing the 292 / 472 pack

2026-09-11 13:31:06 [INFO] thread 8 is processing the 293 / 472 pack

2026-09-11 13:31:06 [INFO] thread 9 is processing the 294 / 472 pack

2026-09-11 13:31:06 [INFO] thread 10 is processing the 295 / 472 pack

2026-09-11 13:31:06 [INFO] thread 3 is processing the 296 / 472 pack

2026-09-11 13:31:06 [INFO] thread 7 is processing the 297 / 472 pack

2026-09-11 13:31:06 [INFO] thread 2 is processing the 298 / 472 pack

2026-09-11 13:31:06 [INFO] thread 1 is processing the 299 / 472 pack

2026-09-11 13:31:06 [INFO] thread 4 is processing the 300 / 472 pack

2026-09-11 13:31:06 [INFO] thread 5 is processing the 301 / 472 pack

2026-09-11 13:31:06 [INFO] thread 6 is processing the 302 / 472 pack

2026-09-11 13:31:06 [INFO] thread 9 is processing the 303 / 472 pack

2026-09-11 13:31:06 [INFO] thread 8 is processing the 304 / 472 pack

2026-09-11 13:31:07 [INFO] thread 10 is processing the 305 / 472 pack

2026-09-11 13:31:07 [INFO] thread 7 is processing the 306 / 472 pack

2026-09-11 13:31:07 [INFO] thread 3 is processing the 307 / 472 pack

2026-09-11 13:31:07 [INFO] thread 2 is processing the 308 / 472 pack

2026-09-11 13:31:07 [INFO] thread 5 is processing the 309 / 472 pack

2026-09-11 13:31:07 [INFO] thread 1 is processing the 310 / 472 pack

2026-09-11 13:31:07 [INFO] thread 4 is processing the 311 / 472 pack

2026-09-11 13:31:07 [INFO] thread 9 is processing the 312 / 472 pack

2026-09-11 13:31:07 [INFO] thread 8 is processing the 313 / 472 pack

2026-09-11 13:31:07 [INFO] thread 10 is processing the 314 / 472 pack

2026-09-11 13:31:07 [INFO] thread 6 is processing the 315 / 472 pack

2026-09-11 13:31:07 [INFO] thread 7 is processing the 316 / 472 pack

2026-09-11 13:31:07 [INFO] thread 2 is processing the 317 / 472 pack

2026-09-11 13:31:07 [INFO] thread 3 is processing the 318 / 472 pack

2026-09-11 13:31:07 [INFO] thread 5 is processing the 319 / 472 pack

2026-09-11 13:31:07 [INFO] thread 1 is processing the 320 / 472 pack

2026-09-11 13:31:07 [INFO] thread 4 is processing the 321 / 472 pack

2026-09-11 13:31:07 [INFO] thread 9 is processing the 322 / 472 pack

2026-09-11 13:31:07 [INFO] thread 8 is processing the 323 / 472 pack

2026-09-11 13:31:08 [INFO] thread 10 is processing the 324 / 472 pack

2026-09-11 13:31:08 [INFO] thread 6 is processing the 325 / 472 pack

2026-09-11 13:31:08 [INFO] thread 7 is processing the 326 / 472 pack

2026-09-11 13:31:08 [INFO] thread 2 is processing the 327 / 472 pack

2026-09-11 13:31:08 [INFO] thread 3 is processing the 328 / 472 pack

2026-09-11 13:31:08 [INFO] thread 5 is processing the 329 / 472 pack

2026-09-11 13:31:08 [INFO] thread 1 is processing the 330 / 472 pack

2026-09-11 13:31:08 [INFO] thread 9 is processing the 331 / 472 pack

2026-09-11 13:31:08 [INFO] thread 4 is processing the 332 / 472 pack

2026-09-11 13:31:08 [INFO] thread 8 is processing the 333 / 472 pack

2026-09-11 13:31:08 [INFO] thread 6 is processing the 334 / 472 pack

2026-09-11 13:31:08 [INFO] thread 10 is processing the 335 / 472 pack

2026-09-11 13:31:08 [INFO] thread 7 is processing the 336 / 472 pack

2026-09-11 13:31:08 [INFO] thread 2 is processing the 337 / 472 pack

2026-09-11 13:31:08 [INFO] thread 3 is processing the 338 / 472 pack

2026-09-11 13:31:08 [INFO] thread 1 is processing the 339 / 472 pack

2026-09-11 13:31:08 [INFO] thread 5 is processing the 340 / 472 pack

2026-09-11 13:31:08 [INFO] thread 9 is processing the 341 / 472 pack

2026-09-11 13:31:08 [INFO] thread 4 is processing the 342 / 472 pack

2026-09-11 13:31:09 [INFO] thread 8 is processing the 343 / 472 pack

2026-09-11 13:31:09 [INFO] thread 6 is processing the 344 / 472 pack

2026-09-11 13:31:09 [INFO] thread 10 is processing the 345 / 472 pack

2026-09-11 13:31:09 [INFO] thread 7 is processing the 346 / 472 pack

2026-09-11 13:31:09 [INFO] thread 2 is processing the 347 / 472 pack

2026-09-11 13:31:09 [INFO] thread 3 is processing the 348 / 472 pack

2026-09-11 13:31:09 [INFO] thread 1 is processing the 349 / 472 pack

2026-09-11 13:31:09 [INFO] thread 9 is processing the 350 / 472 pack

2026-09-11 13:31:09 [INFO] thread 4 is processing the 351 / 472 pack

2026-09-11 13:31:09 [INFO] thread 5 is processing the 352 / 472 pack

2026-09-11 13:31:09 [INFO] thread 8 is processing the 353 / 472 pack

2026-09-11 13:31:09 [INFO] thread 6 is processing the 354 / 472 pack

2026-09-11 13:31:09 [INFO] thread 10 is processing the 355 / 472 pack

2026-09-11 13:31:09 [INFO] thread 7 is processing the 356 / 472 pack

2026-09-11 13:31:09 [INFO] thread 2 is processing the 357 / 472 pack

2026-09-11 13:31:09 [INFO] thread 9 is processing the 358 / 472 pack

2026-09-11 13:31:09 [INFO] thread 3 is processing the 359 / 472 pack

2026-09-11 13:31:09 [INFO] thread 5 is processing the 360 / 472 pack

2026-09-11 13:31:09 [INFO] thread 8 is processing the 361 / 472 pack

2026-09-11 13:31:09 [INFO] thread 1 is processing the 362 / 472 pack

2026-09-11 13:31:10 [INFO] thread 4 is processing the 363 / 472 pack

2026-09-11 13:31:10 [INFO] thread 6 is processing the 364 / 472 pack

2026-09-11 13:31:10 [INFO] thread 2 is processing the 365 / 472 pack

2026-09-11 13:31:10 [INFO] thread 10 is processing the 366 / 472 pack

2026-09-11 13:31:10 [INFO] starting to read geno output file for sample: sample_5
2026-09-11 13:31:10 [INFO] starting to read ml output file for sample: sample_5
2026-09-11 13:31:10 [INFO] starting to read ml file for sample: sample_5
2026-09-11 13:31:10 [INFO] finished to read ml file for sample: sample_5
2026-09-11 13:31:10 [INFO] starting to read microhap output file for sample: sample_5
2026-09-11 13:31:10 [INFO] starting to read sample sample_5 mh file
2026-09-11 13:31:10 [INFO] finished to read sample sample_5 mh file
2026-09-11 13:31:10 [INFO] starting to read amplicon output file for sample: sample_5
2026-09-11 13:31:10 [INFO] starting to read sample sample_5 amplicon file
2026-09-11 13:31:10 [INFO] finished to read sample sample_5 amplicon file
2026-09-11 13:31:10 [INFO] starting to read snp file for sample: sample_5
2026-09-11 13:31:10 [INFO] starting to read snp file for sample: sample_5
2026-09-11 13:31:10 [INFO] finished to read snp file for sample: sample_5
2026-09-11 13:31:10 [INFO] finished to read geno output file for sample: sample_5
2026-09-11 13:31:10 [INFO] thread 7 is processing the 367 / 472 pack

2026-09-11 13:31:10 [INFO] thread 3 is processing the 368 / 472 pack

2026-09-11 13:31:10 [INFO] thread 9 is processing the 369 / 472 pack

2026-09-11 13:31:10 [INFO] thread 5 is processing the 370 / 472 pack

2026-09-11 13:31:10 [INFO] thread 4 is processing the 371 / 472 pack

2026-09-11 13:31:10 [INFO] thread 1 is processing the 372 / 472 pack

2026-09-11 13:31:10 [INFO] thread 8 is processing the 373 / 472 pack

2026-09-11 13:31:10 [INFO] thread 6 is processing the 374 / 472 pack

2026-09-11 13:31:10 [INFO] thread 2 is processing the 375 / 472 pack

2026-09-11 13:31:10 [INFO] thread 7 is processing the 376 / 472 pack

2026-09-11 13:31:11 [INFO] thread 10 is processing the 377 / 472 pack

2026-09-11 13:31:11 [INFO] thread 9 is processing the 378 / 472 pack

2026-09-11 13:31:11 [INFO] thread 3 is processing the 379 / 472 pack

2026-09-11 13:31:11 [INFO] thread 5 is processing the 380 / 472 pack

2026-09-11 13:31:11 [INFO] thread 4 is processing the 381 / 472 pack

2026-09-11 13:31:11 [INFO] thread 8 is processing the 382 / 472 pack

2026-09-11 13:31:11 [INFO] thread 1 is processing the 383 / 472 pack

2026-09-11 13:31:11 [INFO] thread 6 is processing the 384 / 472 pack

2026-09-11 13:31:11 [INFO] thread 2 is processing the 385 / 472 pack

2026-09-11 13:31:11 [INFO] thread 7 is processing the 386 / 472 pack

2026-09-11 13:31:11 [INFO] thread 10 is processing the 387 / 472 pack

2026-09-11 13:31:11 [INFO] thread 9 is processing the 388 / 472 pack

2026-09-11 13:31:11 [INFO] thread 3 is processing the 389 / 472 pack

2026-09-11 13:31:11 [INFO] thread 5 is processing the 390 / 472 pack

2026-09-11 13:31:11 [INFO] thread 8 is processing the 391 / 472 pack

2026-09-11 13:31:11 [INFO] thread 6 is processing the 392 / 472 pack

2026-09-11 13:31:11 [INFO] thread 1 is processing the 393 / 472 pack

2026-09-11 13:31:11 [INFO] thread 7 is processing the 394 / 472 pack

2026-09-11 13:31:11 [INFO] thread 4 is processing the 395 / 472 pack

2026-09-11 13:31:11 [INFO] thread 2 is processing the 396 / 472 pack

2026-09-11 13:31:11 [INFO] thread 10 is processing the 397 / 472 pack

2026-09-11 13:31:11 [INFO] thread 9 is processing the 398 / 472 pack

2026-09-11 13:31:11 [INFO] thread 5 is processing the 399 / 472 pack

2026-09-11 13:31:11 [INFO] thread 3 is processing the 400 / 472 pack

2026-09-11 13:31:11 [INFO] thread 8 is processing the 401 / 472 pack

2026-09-11 13:31:11 [INFO] thread 6 is processing the 402 / 472 pack

2026-09-11 13:31:11 [INFO] thread 7 is processing the 403 / 472 pack

2026-09-11 13:31:11 [INFO] thread 1 is processing the 404 / 472 pack

2026-09-11 13:31:11 [INFO] thread 4 is processing the 405 / 472 pack

2026-09-11 13:31:11 [INFO] thread 2 is processing the 406 / 472 pack

2026-09-11 13:31:11 [INFO] thread 10 is processing the 407 / 472 pack

2026-09-11 13:31:11 [INFO] thread 9 is processing the 408 / 472 pack

2026-09-11 13:31:11 [INFO] thread 5 is processing the 409 / 472 pack

2026-09-11 13:31:11 [INFO] thread 3 is processing the 410 / 472 pack

2026-09-11 13:31:11 [INFO] thread 8 is processing the 411 / 472 pack

2026-09-11 13:31:11 [INFO] thread 7 is processing the 412 / 472 pack

2026-09-11 13:31:11 [INFO] thread 6 is processing the 413 / 472 pack

2026-09-11 13:31:11 [INFO] thread 1 is processing the 414 / 472 pack

2026-09-11 13:31:11 [INFO] thread 4 is processing the 415 / 472 pack

2026-09-11 13:31:11 [INFO] thread 10 is processing the 416 / 472 pack

2026-09-11 13:31:11 [INFO] thread 2 is processing the 417 / 472 pack

2026-09-11 13:31:11 [INFO] thread 9 is processing the 418 / 472 pack

2026-09-11 13:31:11 [INFO] thread 5 is processing the 419 / 472 pack

2026-09-11 13:31:11 [INFO] thread 8 is processing the 420 / 472 pack

2026-09-11 13:31:11 [INFO] thread 3 is processing the 421 / 472 pack

2026-09-11 13:31:11 [INFO] thread 7 is processing the 422 / 472 pack

2026-09-11 13:31:11 [INFO] thread 6 is processing the 423 / 472 pack

2026-09-11 13:31:11 [INFO] thread 1 is processing the 424 / 472 pack

2026-09-11 13:31:11 [INFO] thread 4 is processing the 425 / 472 pack

2026-09-11 13:31:11 [INFO] thread 10 is processing the 426 / 472 pack

2026-09-11 13:31:11 [INFO] thread 2 is processing the 427 / 472 pack

2026-09-11 13:31:11 [INFO] thread 5 is processing the 428 / 472 pack

2026-09-11 13:31:11 [INFO] thread 9 is processing the 429 / 472 pack

2026-09-11 13:31:11 [INFO] thread 8 is processing the 430 / 472 pack

2026-09-11 13:31:11 [INFO] thread 7 is processing the 431 / 472 pack

2026-09-11 13:31:11 [INFO] thread 3 is processing the 432 / 472 pack

2026-09-11 13:31:11 [INFO] thread 6 is processing the 433 / 472 pack

2026-09-11 13:31:11 [INFO] thread 4 is processing the 434 / 472 pack

2026-09-11 13:31:11 [INFO] thread 1 is processing the 435 / 472 pack

2026-09-11 13:31:11 [INFO] thread 10 is processing the 436 / 472 pack

2026-09-11 13:31:11 [INFO] thread 2 is processing the 437 / 472 pack

2026-09-11 13:31:11 [INFO] thread 9 is processing the 438 / 472 pack

2026-09-11 13:31:11 [INFO] thread 5 is processing the 439 / 472 pack

2026-09-11 13:31:11 [INFO] thread 8 is processing the 440 / 472 pack

2026-09-11 13:31:11 [INFO] thread 7 is processing the 441 / 472 pack

2026-09-11 13:31:11 [INFO] thread 5 is processing the 442 / 472 pack

2026-09-11 13:31:11 [INFO] thread 8 is processing the 443 / 472 pack

2026-09-11 13:31:11 [INFO] thread 3 is processing the 444 / 472 pack

2026-09-11 13:31:11 [INFO] thread 7 is processing the 445 / 472 pack

2026-09-11 13:31:11 [INFO] thread 6 is processing the 446 / 472 pack

2026-09-11 13:31:11 [INFO] thread 5 is processing the 447 / 472 pack

2026-09-11 13:31:11 [INFO] thread 8 is processing the 448 / 472 pack

2026-09-11 13:31:11 [INFO] thread 3 is processing the 449 / 472 pack

2026-09-11 13:31:11 [INFO] thread 4 is processing the 450 / 472 pack

2026-09-11 13:31:11 [INFO] thread 1 is processing the 451 / 472 pack

2026-09-11 13:31:11 [INFO] thread 7 is processing the 452 / 472 pack

2026-09-11 13:31:11 [INFO] thread 6 is processing the 453 / 472 pack

2026-09-11 13:31:11 [INFO] thread 10 is processing the 454 / 472 pack

2026-09-11 13:31:11 [INFO] thread 5 is processing the 455 / 472 pack

2026-09-11 13:31:11 [INFO] thread 3 is processing the 456 / 472 pack

2026-09-11 13:31:11 [INFO] thread 8 is processing the 457 / 472 pack

2026-09-11 13:31:11 [INFO] thread 2 is processing the 458 / 472 pack

2026-09-11 13:31:11 [INFO] thread 4 is processing the 459 / 472 pack

2026-09-11 13:31:11 [INFO] thread 1 is processing the 460 / 472 pack

2026-09-11 13:31:11 [INFO] thread 6 is processing the 461 / 472 pack

2026-09-11 13:31:11 [INFO] thread 7 is processing the 462 / 472 pack

2026-09-11 13:31:11 [INFO] thread 10 is processing the 463 / 472 pack

2026-09-11 13:31:11 [INFO] thread 3 is processing the 464 / 472 pack

2026-09-11 13:31:11 [INFO] thread 8 is processing the 465 / 472 pack

2026-09-11 13:31:11 [INFO] thread 5 is processing the 466 / 472 pack

2026-09-11 13:31:11 [INFO] thread 9 is processing the 467 / 472 pack

2026-09-11 13:31:11 [INFO] thread 2 is processing the 468 / 472 pack

2026-09-11 13:31:11 [INFO] thread 4 is processing the 469 / 472 pack

2026-09-11 13:31:11 [INFO] thread 1 is processing the 470 / 472 pack

2026-09-11 13:31:11 [INFO] thread 6 is processing the 471 / 472 pack

2026-09-11 13:31:12 [INFO] thread 7 data processing completed

2026-09-11 13:31:12 [INFO] thread 7 finished

2026-09-11 13:31:12 [INFO] thread 10 data processing completed

2026-09-11 13:31:12 [INFO] thread 10 finished

2026-09-11 13:31:12 [INFO] thread 6 data processing completed

2026-09-11 13:31:12 [INFO] thread 6 finished

2026-09-11 13:31:12 [INFO] thread 8 data processing completed

2026-09-11 13:31:12 [INFO] thread 8 finished

2026-09-11 13:31:12 [INFO] thread 3 data processing completed

2026-09-11 13:31:12 [INFO] thread 3 finished

2026-09-11 13:31:12 [INFO] thread 5 data processing completed

2026-09-11 13:31:12 [INFO] thread 5 finished

2026-09-11 13:31:12 [INFO] thread 9 data processing completed

2026-09-11 13:31:12 [INFO] thread 9 finished

2026-09-11 13:31:12 [INFO] thread 2 data processing completed

2026-09-11 13:31:12 [INFO] thread 2 finished

2026-09-11 13:31:12 [INFO] thread 4 data processing completed

2026-09-11 13:31:12 [INFO] thread 4 finished

2026-09-11 13:31:12 [INFO] thread 1 data processing completed

2026-09-11 13:31:12 [INFO] thread 1 finished

2026-09-11 13:31:12 [INFO] /home/liup/project/data/demon/out_tod7/sample_5_output_reads.fastq.gz writer finished

2026-09-11 13:31:12 [INFO] start to generate reports

2026-09-11 13:31:12 [INFO] Starting to write SNV table!

2026-09-11 13:31:12 [INFO] Starting to write haplotype table!

2026-09-11 13:31:12 [INFO] Starting to write ML haplotype table!

2026-09-11 13:31:12 [INFO] Starting to write amplicon table!

2026-09-11 13:31:12 [INFO] Starting to write error rate table!

2026-09-11 13:31:12 [INFO] Finished writing genotype table!

2026-09-11 13:31:12 [INFO] Finished writing ML haplotype table!

2026-09-11 13:31:12 [INFO] Finished writing amplicon table!

2026-09-11 13:31:12 [INFO] Finished writing error rate table!

2026-09-11 13:31:12 [INFO] Duplication rate: 16.951%

2026-09-11 13:31:12 [INFO] Insert size peak (evaluated by paired-end reads): 150

2026-09-11 13:31:12 [INFO] Finished Json report

2026-09-11 13:31:12 [INFO] Finished Html report

2026-09-11 13:31:12 [INFO] JSON report: /home/liup/project/data/demon/out_tod7/sample_5.json

2026-09-11 13:31:12 [INFO] HTML report: /home/liup/project/data/demon/out_tod7/sample_5.html

2026-09-11 13:31:12 [INFO] seqtyper --var snp --loc /home/liup/project/data/demon/loc_combined.txt --minReads4Locus 30 --maxMismatchesPSeq 4 --thread 10 --average_qual 20 --length_required 30 --smProp1H 0.8 --smProp1L 0.72 --mmProp1H 0.8 --mmProp1L 0.78 --mProp2 0.7 --minReads4Allele 10 --maxRVs4Align 6 --prefix /home/liup/project/data/demon/out_tod7/sample_5 --in1 /home/liup/project/data/demon/raw_combined/sample_5_R1.fastq.gz --in2 /home/liup/project/data/demon/raw_combined/sample_5_R2.fastq.gz --verbose 

2026-09-11 13:31:12 [INFO] seq2typer v2.1.0.0, time used: 12 seconds

2026-09-11 13:31:12 [INFO] seq2typer v2.1.0.0, time used: 12 seconds

2026-09-11 13:31:12 [INFO] reading sample sample_5 outputs

2026-09-11 13:31:12 [INFO] reading sample sample_5 genotype done!

2026-09-11 13:31:12 [INFO] reading sample sample_5 reads done!

2026-09-11 13:31:12 [INFO] reading sample sample_5 jason file done!

2026-09-11 13:31:12 [INFO] ploting sample sample_5 reads quality done!

2026-09-11 13:31:12 [INFO] Finish the processing sample: sample_5, 5 out of 8 samples

2026-09-11 13:31:12 [INFO] ---------------------------------------------------------end index: 5----------------------------------------------------



2026-09-11 13:31:12 [INFO] ---------------------------------------------------------start index: 6--------------------------------------------------

2026-09-11 13:31:12 [INFO] Start to process sample: sample_6, 6 out of 8 samples

2026-09-11 13:31:12 [INFO] Running Seq2Type for sample: sample_6, this is slow and please be patient!

2026-09-11 13:31:12 [INFO] Reading locus file: /home/liup/project/data/demon/loc_combined.txt

2026-09-11 13:31:12 [INFO] Read loci of: 10

2026-09-11 13:31:12 [INFO] start to load data

2026-09-11 13:31:19 [INFO] all reads loaded, start to monitor thread status

2026-09-11 13:31:19 [INFO] thread 6 is processing the 306 / 486 pack

2026-09-11 13:31:19 [INFO] thread 8 is processing the 307 / 486 pack

2026-09-11 13:31:19 [INFO] thread 7 is processing the 308 / 486 pack

2026-09-11 13:31:19 [INFO] thread 1 is processing the 309 / 486 pack

2026-09-11 13:31:19 [INFO] thread 5 is processing the 310 / 486 pack

2026-09-11 13:31:19 [INFO] thread 4 is processing the 311 / 486 pack

2026-09-11 13:31:19 [INFO] thread 10 is processing the 312 / 486 pack

2026-09-11 13:31:19 [INFO] thread 3 is processing the 313 / 486 pack

2026-09-11 13:31:19 [INFO] thread 9 is processing the 314 / 486 pack

2026-09-11 13:31:19 [INFO] thread 2 is processing the 315 / 486 pack

2026-09-11 13:31:19 [INFO] thread 6 is processing the 316 / 486 pack

2026-09-11 13:31:20 [INFO] thread 7 is processing the 317 / 486 pack

2026-09-11 13:31:20 [INFO] thread 8 is processing the 318 / 486 pack

2026-09-11 13:31:20 [INFO] thread 1 is processing the 319 / 486 pack

2026-09-11 13:31:20 [INFO] thread 5 is processing the 320 / 486 pack

2026-09-11 13:31:20 [INFO] thread 4 is processing the 321 / 486 pack

2026-09-11 13:31:20 [INFO] thread 10 is processing the 322 / 486 pack

2026-09-11 13:31:20 [INFO] thread 3 is processing the 323 / 486 pack

2026-09-11 13:31:20 [INFO] thread 9 is processing the 324 / 486 pack

2026-09-11 13:31:20 [INFO] thread 2 is processing the 325 / 486 pack

2026-09-11 13:31:20 [INFO] thread 6 is processing the 326 / 486 pack

2026-09-11 13:31:20 [INFO] thread 7 is processing the 327 / 486 pack

2026-09-11 13:31:20 [INFO] thread 8 is processing the 328 / 486 pack

2026-09-11 13:31:20 [INFO] thread 1 is processing the 329 / 486 pack

2026-09-11 13:31:20 [INFO] thread 5 is processing the 330 / 486 pack

2026-09-11 13:31:20 [INFO] thread 4 is processing the 331 / 486 pack

2026-09-11 13:31:20 [INFO] thread 10 is processing the 332 / 486 pack

2026-09-11 13:31:20 [INFO] thread 3 is processing the 333 / 486 pack

2026-09-11 13:31:20 [INFO] thread 9 is processing the 334 / 486 pack

2026-09-11 13:31:20 [INFO] thread 2 is processing the 335 / 486 pack

2026-09-11 13:31:20 [INFO] thread 6 is processing the 336 / 486 pack

2026-09-11 13:31:21 [INFO] thread 7 is processing the 337 / 486 pack

2026-09-11 13:31:21 [INFO] thread 1 is processing the 338 / 486 pack

2026-09-11 13:31:21 [INFO] thread 4 is processing the 339 / 486 pack

2026-09-11 13:31:21 [INFO] thread 8 is processing the 340 / 486 pack

2026-09-11 13:31:21 [INFO] thread 5 is processing the 341 / 486 pack

2026-09-11 13:31:21 [INFO] thread 10 is processing the 342 / 486 pack

2026-09-11 13:31:21 [INFO] thread 9 is processing the 343 / 486 pack

2026-09-11 13:31:21 [INFO] thread 3 is processing the 344 / 486 pack

2026-09-11 13:31:21 [INFO] thread 2 is processing the 345 / 486 pack

2026-09-11 13:31:21 [INFO] thread 6 is processing the 346 / 486 pack

2026-09-11 13:31:21 [INFO] thread 1 is processing the 347 / 486 pack

2026-09-11 13:31:21 [INFO] thread 7 is processing the 348 / 486 pack

2026-09-11 13:31:21 [INFO] thread 4 is processing the 349 / 486 pack

2026-09-11 13:31:21 [INFO] thread 5 is processing the 350 / 486 pack

2026-09-11 13:31:21 [INFO] thread 8 is processing the 351 / 486 pack

2026-09-11 13:31:21 [INFO] thread 10 is processing the 352 / 486 pack

2026-09-11 13:31:21 [INFO] thread 9 is processing the 353 / 486 pack

2026-09-11 13:31:21 [INFO] thread 3 is processing the 354 / 486 pack

2026-09-11 13:31:21 [INFO] thread 2 is processing the 355 / 486 pack

2026-09-11 13:31:21 [INFO] thread 6 is processing the 356 / 486 pack

2026-09-11 13:31:22 [INFO] thread 1 is processing the 357 / 486 pack

2026-09-11 13:31:22 [INFO] thread 7 is processing the 358 / 486 pack

2026-09-11 13:31:22 [INFO] thread 4 is processing the 359 / 486 pack

2026-09-11 13:31:22 [INFO] thread 5 is processing the 360 / 486 pack

2026-09-11 13:31:22 [INFO] thread 8 is processing the 361 / 486 pack

2026-09-11 13:31:22 [INFO] thread 10 is processing the 362 / 486 pack

2026-09-11 13:31:22 [INFO] thread 9 is processing the 363 / 486 pack

2026-09-11 13:31:22 [INFO] thread 3 is processing the 364 / 486 pack

2026-09-11 13:31:22 [INFO] thread 6 is processing the 365 / 486 pack

2026-09-11 13:31:22 [INFO] thread 2 is processing the 366 / 486 pack

2026-09-11 13:31:22 [INFO] thread 1 is processing the 367 / 486 pack

2026-09-11 13:31:22 [INFO] thread 7 is processing the 368 / 486 pack

2026-09-11 13:31:22 [INFO] thread 4 is processing the 369 / 486 pack

2026-09-11 13:31:22 [INFO] thread 5 is processing the 370 / 486 pack

2026-09-11 13:31:22 [INFO] starting to read geno output file for sample: sample_6
2026-09-11 13:31:22 [INFO] starting to read ml output file for sample: sample_6
2026-09-11 13:31:22 [INFO] starting to read ml file for sample: sample_6
2026-09-11 13:31:22 [INFO] finished to read ml file for sample: sample_6
2026-09-11 13:31:22 [INFO] starting to read microhap output file for sample: sample_6
2026-09-11 13:31:22 [INFO] starting to read sample sample_6 mh file
2026-09-11 13:31:22 [INFO] finished to read sample sample_6 mh file
2026-09-11 13:31:22 [INFO] starting to read amplicon output file for sample: sample_6
2026-09-11 13:31:22 [INFO] starting to read sample sample_6 amplicon file
2026-09-11 13:31:22 [INFO] finished to read sample sample_6 amplicon file
2026-09-11 13:31:22 [INFO] starting to read snp file for sample: sample_6
2026-09-11 13:31:22 [INFO] starting to read snp file for sample: sample_6
2026-09-11 13:31:22 [INFO] finished to read snp file for sample: sample_6
2026-09-11 13:31:22 [INFO] finished to read geno output file for sample: sample_6
2026-09-11 13:31:22 [INFO] thread 8 is processing the 371 / 486 pack

2026-09-11 13:31:23 [INFO] thread 10 is processing the 372 / 486 pack

2026-09-11 13:31:23 [INFO] thread 9 is processing the 373 / 486 pack

2026-09-11 13:31:23 [INFO] thread 3 is processing the 374 / 486 pack

2026-09-11 13:31:23 [INFO] thread 6 is processing the 375 / 486 pack

2026-09-11 13:31:23 [INFO] thread 2 is processing the 376 / 486 pack

2026-09-11 13:31:23 [INFO] thread 1 is processing the 377 / 486 pack

2026-09-11 13:31:23 [INFO] thread 4 is processing the 378 / 486 pack

2026-09-11 13:31:23 [INFO] thread 7 is processing the 379 / 486 pack

2026-09-11 13:31:23 [INFO] thread 5 is processing the 380 / 486 pack

2026-09-11 13:31:23 [INFO] thread 10 is processing the 381 / 486 pack

2026-09-11 13:31:23 [INFO] thread 8 is processing the 382 / 486 pack

2026-09-11 13:31:23 [INFO] thread 9 is processing the 383 / 486 pack

2026-09-11 13:31:23 [INFO] thread 3 is processing the 384 / 486 pack

2026-09-11 13:31:23 [INFO] thread 6 is processing the 385 / 486 pack

2026-09-11 13:31:23 [INFO] thread 2 is processing the 386 / 486 pack

2026-09-11 13:31:23 [INFO] thread 1 is processing the 387 / 486 pack

2026-09-11 13:31:23 [INFO] thread 4 is processing the 388 / 486 pack

2026-09-11 13:31:23 [INFO] thread 7 is processing the 389 / 486 pack

2026-09-11 13:31:23 [INFO] thread 5 is processing the 390 / 486 pack

2026-09-11 13:31:23 [INFO] thread 10 is processing the 391 / 486 pack

2026-09-11 13:31:23 [INFO] thread 8 is processing the 392 / 486 pack

2026-09-11 13:31:23 [INFO] thread 9 is processing the 393 / 486 pack

2026-09-11 13:31:23 [INFO] thread 3 is processing the 394 / 486 pack

2026-09-11 13:31:23 [INFO] thread 6 is processing the 395 / 486 pack

2026-09-11 13:31:23 [INFO] thread 2 is processing the 396 / 486 pack

2026-09-11 13:31:23 [INFO] thread 1 is processing the 397 / 486 pack

2026-09-11 13:31:23 [INFO] thread 4 is processing the 398 / 486 pack

2026-09-11 13:31:23 [INFO] thread 7 is processing the 399 / 486 pack

2026-09-11 13:31:23 [INFO] thread 5 is processing the 400 / 486 pack

2026-09-11 13:31:23 [INFO] thread 10 is processing the 401 / 486 pack

2026-09-11 13:31:23 [INFO] thread 8 is processing the 402 / 486 pack

2026-09-11 13:31:23 [INFO] thread 9 is processing the 403 / 486 pack

2026-09-11 13:31:23 [INFO] thread 3 is processing the 404 / 486 pack

2026-09-11 13:31:23 [INFO] thread 6 is processing the 405 / 486 pack

2026-09-11 13:31:23 [INFO] thread 2 is processing the 406 / 486 pack

2026-09-11 13:31:23 [INFO] thread 1 is processing the 407 / 486 pack

2026-09-11 13:31:23 [INFO] thread 4 is processing the 408 / 486 pack

2026-09-11 13:31:23 [INFO] thread 7 is processing the 409 / 486 pack

2026-09-11 13:31:23 [INFO] thread 5 is processing the 410 / 486 pack

2026-09-11 13:31:23 [INFO] thread 10 is processing the 411 / 486 pack

2026-09-11 13:31:23 [INFO] thread 8 is processing the 412 / 486 pack

2026-09-11 13:31:23 [INFO] thread 9 is processing the 413 / 486 pack

2026-09-11 13:31:23 [INFO] thread 3 is processing the 414 / 486 pack

2026-09-11 13:31:23 [INFO] thread 6 is processing the 415 / 486 pack

2026-09-11 13:31:23 [INFO] thread 2 is processing the 416 / 486 pack

2026-09-11 13:31:23 [INFO] thread 1 is processing the 417 / 486 pack

2026-09-11 13:31:23 [INFO] thread 4 is processing the 418 / 486 pack

2026-09-11 13:31:23 [INFO] thread 10 is processing the 419 / 486 pack

2026-09-11 13:31:23 [INFO] thread 7 is processing the 420 / 486 pack

2026-09-11 13:31:23 [INFO] thread 5 is processing the 421 / 486 pack

2026-09-11 13:31:24 [INFO] thread 8 is processing the 422 / 486 pack

2026-09-11 13:31:24 [INFO] thread 9 is processing the 423 / 486 pack

2026-09-11 13:31:24 [INFO] thread 3 is processing the 424 / 486 pack

2026-09-11 13:31:24 [INFO] thread 6 is processing the 425 / 486 pack

2026-09-11 13:31:24 [INFO] thread 2 is processing the 426 / 486 pack

2026-09-11 13:31:24 [INFO] thread 4 is processing the 427 / 486 pack

2026-09-11 13:31:24 [INFO] thread 1 is processing the 428 / 486 pack

2026-09-11 13:31:24 [INFO] thread 10 is processing the 429 / 486 pack

2026-09-11 13:31:24 [INFO] thread 7 is processing the 430 / 486 pack

2026-09-11 13:31:24 [INFO] thread 5 is processing the 431 / 486 pack

2026-09-11 13:31:24 [INFO] thread 8 is processing the 432 / 486 pack

2026-09-11 13:31:24 [INFO] thread 9 is processing the 433 / 486 pack

2026-09-11 13:31:24 [INFO] thread 3 is processing the 434 / 486 pack

2026-09-11 13:31:24 [INFO] thread 6 is processing the 435 / 486 pack

2026-09-11 13:31:24 [INFO] thread 4 is processing the 436 / 486 pack

2026-09-11 13:31:24 [INFO] thread 1 is processing the 437 / 486 pack

2026-09-11 13:31:24 [INFO] thread 2 is processing the 438 / 486 pack

2026-09-11 13:31:24 [INFO] thread 10 is processing the 439 / 486 pack

2026-09-11 13:31:24 [INFO] thread 1 is processing the 440 / 486 pack

2026-09-11 13:31:24 [INFO] thread 10 is processing the 441 / 486 pack

2026-09-11 13:31:24 [INFO] thread 2 is processing the 442 / 486 pack

2026-09-11 13:31:24 [INFO] thread 7 is processing the 443 / 486 pack

2026-09-11 13:31:24 [INFO] thread 5 is processing the 444 / 486 pack

2026-09-11 13:31:24 [INFO] thread 9 is processing the 445 / 486 pack

2026-09-11 13:31:24 [INFO] thread 1 is processing the 446 / 486 pack

2026-09-11 13:31:24 [INFO] thread 10 is processing the 447 / 486 pack

2026-09-11 13:31:24 [INFO] thread 2 is processing the 448 / 486 pack

2026-09-11 13:31:24 [INFO] thread 7 is processing the 449 / 486 pack

2026-09-11 13:31:24 [INFO] thread 8 is processing the 450 / 486 pack

2026-09-11 13:31:24 [INFO] thread 3 is processing the 451 / 486 pack

2026-09-11 13:31:24 [INFO] thread 5 is processing the 452 / 486 pack

2026-09-11 13:31:24 [INFO] thread 9 is processing the 453 / 486 pack

2026-09-11 13:31:24 [INFO] thread 4 is processing the 454 / 486 pack

2026-09-11 13:31:24 [INFO] thread 1 is processing the 455 / 486 pack

2026-09-11 13:31:24 [INFO] thread 10 is processing the 456 / 486 pack

2026-09-11 13:31:24 [INFO] thread 7 is processing the 457 / 486 pack

2026-09-11 13:31:24 [INFO] thread 2 is processing the 458 / 486 pack

2026-09-11 13:31:24 [INFO] thread 6 is processing the 459 / 486 pack

2026-09-11 13:31:24 [INFO] thread 8 is processing the 460 / 486 pack

2026-09-11 13:31:24 [INFO] thread 3 is processing the 461 / 486 pack

2026-09-11 13:31:24 [INFO] thread 5 is processing the 462 / 486 pack

2026-09-11 13:31:24 [INFO] thread 9 is processing the 463 / 486 pack

2026-09-11 13:31:24 [INFO] thread 4 is processing the 464 / 486 pack

2026-09-11 13:31:24 [INFO] thread 7 is processing the 465 / 486 pack

2026-09-11 13:31:24 [INFO] thread 1 is processing the 466 / 486 pack

2026-09-11 13:31:24 [INFO] thread 2 is processing the 467 / 486 pack

2026-09-11 13:31:24 [INFO] thread 6 is processing the 468 / 486 pack

2026-09-11 13:31:24 [INFO] thread 8 is processing the 469 / 486 pack

2026-09-11 13:31:24 [INFO] thread 10 is processing the 470 / 486 pack

2026-09-11 13:31:24 [INFO] thread 3 is processing the 471 / 486 pack

2026-09-11 13:31:24 [INFO] thread 5 is processing the 472 / 486 pack

2026-09-11 13:31:24 [INFO] thread 9 is processing the 473 / 486 pack

2026-09-11 13:31:24 [INFO] thread 4 is processing the 474 / 486 pack

2026-09-11 13:31:24 [INFO] thread 7 is processing the 475 / 486 pack

2026-09-11 13:31:24 [INFO] thread 6 is processing the 476 / 486 pack

2026-09-11 13:31:24 [INFO] thread 1 is processing the 477 / 486 pack

2026-09-11 13:31:24 [INFO] thread 2 is processing the 478 / 486 pack

2026-09-11 13:31:24 [INFO] thread 8 is processing the 479 / 486 pack

2026-09-11 13:31:24 [INFO] thread 10 is processing the 480 / 486 pack

2026-09-11 13:31:24 [INFO] thread 5 is processing the 481 / 486 pack

2026-09-11 13:31:24 [INFO] thread 3 is processing the 482 / 486 pack

2026-09-11 13:31:24 [INFO] thread 9 is processing the 483 / 486 pack

2026-09-11 13:31:24 [INFO] thread 4 is processing the 484 / 486 pack

2026-09-11 13:31:24 [INFO] thread 7 is processing the 485 / 486 pack

2026-09-11 13:31:24 [INFO] thread 6 data processing completed

2026-09-11 13:31:24 [INFO] thread 6 finished

2026-09-11 13:31:24 [INFO] thread 1 data processing completed

2026-09-11 13:31:24 [INFO] thread 1 finished

2026-09-11 13:31:24 [INFO] thread 8 data processing completed

2026-09-11 13:31:24 [INFO] thread 8 finished

2026-09-11 13:31:24 [INFO] thread 2 data processing completed

2026-09-11 13:31:24 [INFO] thread 2 finished

2026-09-11 13:31:24 [INFO] thread 10 data processing completed

2026-09-11 13:31:24 [INFO] thread 10 finished

2026-09-11 13:31:24 [INFO] thread 3 data processing completed

2026-09-11 13:31:24 [INFO] thread 3 finished

2026-09-11 13:31:24 [INFO] thread 5 data processing completed

2026-09-11 13:31:24 [INFO] thread 5 finished

2026-09-11 13:31:24 [INFO] thread 4 data processing completed

2026-09-11 13:31:24 [INFO] thread 4 finished

2026-09-11 13:31:24 [INFO] thread 9 data processing completed

2026-09-11 13:31:24 [INFO] thread 9 finished

2026-09-11 13:31:24 [INFO] thread 7 data processing completed

2026-09-11 13:31:24 [INFO] thread 7 finished

2026-09-11 13:31:24 [INFO] /home/liup/project/data/demon/out_tod7/sample_6_output_reads.fastq.gz writer finished

2026-09-11 13:31:24 [INFO] start to generate reports

2026-09-11 13:31:24 [INFO] Starting to write SNV table!

2026-09-11 13:31:24 [INFO] Starting to write haplotype table!

2026-09-11 13:31:24 [INFO] Starting to write ML haplotype table!

2026-09-11 13:31:24 [INFO] Starting to write amplicon table!

2026-09-11 13:31:24 [INFO] Starting to write error rate table!

2026-09-11 13:31:24 [INFO] Finished writing genotype table!

2026-09-11 13:31:24 [INFO] Finished writing ML haplotype table!

2026-09-11 13:31:24 [INFO] Finished writing amplicon table!

2026-09-11 13:31:24 [INFO] Finished writing error rate table!

2026-09-11 13:31:24 [INFO] Duplication rate: 16.9537%

2026-09-11 13:31:24 [INFO] Insert size peak (evaluated by paired-end reads): 150

2026-09-11 13:31:24 [INFO] Finished Json report

2026-09-11 13:31:24 [INFO] Finished Html report

2026-09-11 13:31:24 [INFO] JSON report: /home/liup/project/data/demon/out_tod7/sample_6.json

2026-09-11 13:31:24 [INFO] HTML report: /home/liup/project/data/demon/out_tod7/sample_6.html

2026-09-11 13:31:24 [INFO] seqtyper --var snp --loc /home/liup/project/data/demon/loc_combined.txt --minReads4Locus 30 --maxMismatchesPSeq 4 --thread 10 --average_qual 20 --length_required 30 --smProp1H 0.8 --smProp1L 0.72 --mmProp1H 0.8 --mmProp1L 0.78 --mProp2 0.7 --minReads4Allele 10 --maxRVs4Align 6 --prefix /home/liup/project/data/demon/out_tod7/sample_6 --in1 /home/liup/project/data/demon/raw_combined/sample_6_R1.fastq.gz --in2 /home/liup/project/data/demon/raw_combined/sample_6_R2.fastq.gz --verbose 

2026-09-11 13:31:24 [INFO] seq2typer v2.1.0.0, time used: 11 seconds

2026-09-11 13:31:24 [INFO] seq2typer v2.1.0.0, time used: 11 seconds

2026-09-11 13:31:24 [INFO] reading sample sample_6 outputs

2026-09-11 13:31:24 [INFO] reading sample sample_6 genotype done!

2026-09-11 13:31:24 [INFO] reading sample sample_6 reads done!

2026-09-11 13:31:24 [INFO] reading sample sample_6 jason file done!

2026-09-11 13:31:24 [INFO] ploting sample sample_6 reads quality done!

2026-09-11 13:31:24 [INFO] Finish the processing sample: sample_6, 6 out of 8 samples

2026-09-11 13:31:24 [INFO] ---------------------------------------------------------end index: 6----------------------------------------------------



2026-09-11 13:31:24 [INFO] ---------------------------------------------------------start index: 7--------------------------------------------------

2026-09-11 13:31:24 [INFO] Start to process sample: sample_7, 7 out of 8 samples

2026-09-11 13:31:24 [INFO] Running Seq2Type for sample: sample_7, this is slow and please be patient!

2026-09-11 13:31:24 [INFO] Reading locus file: /home/liup/project/data/demon/loc_combined.txt

2026-09-11 13:31:24 [INFO] Read loci of: 10

2026-09-11 13:31:24 [INFO] start to load data

2026-09-11 13:31:30 [INFO] all reads loaded, start to monitor thread status

2026-09-11 13:31:30 [INFO] thread 9 is processing the 290 / 482 pack

2026-09-11 13:31:30 [INFO] thread 7 is processing the 291 / 482 pack

2026-09-11 13:31:30 [INFO] thread 10 is processing the 292 / 482 pack

2026-09-11 13:31:30 [INFO] thread 5 is processing the 293 / 482 pack

2026-09-11 13:31:30 [INFO] thread 4 is processing the 294 / 482 pack

2026-09-11 13:31:30 [INFO] thread 8 is processing the 295 / 482 pack

2026-09-11 13:31:30 [INFO] thread 1 is processing the 296 / 482 pack

2026-09-11 13:31:30 [INFO] thread 6 is processing the 297 / 482 pack

2026-09-11 13:31:30 [INFO] thread 3 is processing the 298 / 482 pack

2026-09-11 13:31:30 [INFO] thread 10 is processing the 299 / 482 pack

2026-09-11 13:31:30 [INFO] thread 2 is processing the 300 / 482 pack

2026-09-11 13:31:30 [INFO] thread 9 is processing the 301 / 482 pack

2026-09-11 13:31:31 [INFO] thread 7 is processing the 302 / 482 pack

2026-09-11 13:31:31 [INFO] thread 4 is processing the 303 / 482 pack

2026-09-11 13:31:31 [INFO] thread 5 is processing the 304 / 482 pack

2026-09-11 13:31:31 [INFO] thread 8 is processing the 305 / 482 pack

2026-09-11 13:31:31 [INFO] thread 1 is processing the 306 / 482 pack

2026-09-11 13:31:31 [INFO] thread 6 is processing the 307 / 482 pack

2026-09-11 13:31:31 [INFO] thread 3 is processing the 308 / 482 pack

2026-09-11 13:31:31 [INFO] thread 2 is processing the 309 / 482 pack

2026-09-11 13:31:31 [INFO] thread 10 is processing the 310 / 482 pack

2026-09-11 13:31:31 [INFO] thread 4 is processing the 311 / 482 pack

2026-09-11 13:31:31 [INFO] thread 9 is processing the 312 / 482 pack

2026-09-11 13:31:31 [INFO] thread 7 is processing the 313 / 482 pack

2026-09-11 13:31:31 [INFO] thread 8 is processing the 314 / 482 pack

2026-09-11 13:31:31 [INFO] thread 5 is processing the 315 / 482 pack

2026-09-11 13:31:31 [INFO] thread 6 is processing the 316 / 482 pack

2026-09-11 13:31:31 [INFO] thread 3 is processing the 317 / 482 pack

2026-09-11 13:31:31 [INFO] thread 1 is processing the 318 / 482 pack

2026-09-11 13:31:31 [INFO] thread 10 is processing the 319 / 482 pack

2026-09-11 13:31:31 [INFO] thread 2 is processing the 320 / 482 pack

2026-09-11 13:31:32 [INFO] thread 4 is processing the 321 / 482 pack

2026-09-11 13:31:32 [INFO] thread 9 is processing the 322 / 482 pack

2026-09-11 13:31:32 [INFO] thread 7 is processing the 323 / 482 pack

2026-09-11 13:31:32 [INFO] thread 5 is processing the 324 / 482 pack

2026-09-11 13:31:32 [INFO] thread 8 is processing the 325 / 482 pack

2026-09-11 13:31:32 [INFO] thread 6 is processing the 326 / 482 pack

2026-09-11 13:31:32 [INFO] thread 3 is processing the 327 / 482 pack

2026-09-11 13:31:32 [INFO] thread 1 is processing the 328 / 482 pack

2026-09-11 13:31:32 [INFO] thread 4 is processing the 329 / 482 pack

2026-09-11 13:31:32 [INFO] thread 10 is processing the 330 / 482 pack

2026-09-11 13:31:32 [INFO] thread 2 is processing the 331 / 482 pack

2026-09-11 13:31:32 [INFO] thread 8 is processing the 332 / 482 pack

2026-09-11 13:31:32 [INFO] thread 7 is processing the 333 / 482 pack

2026-09-11 13:31:32 [INFO] thread 9 is processing the 334 / 482 pack

2026-09-11 13:31:32 [INFO] thread 5 is processing the 335 / 482 pack

2026-09-11 13:31:32 [INFO] thread 3 is processing the 336 / 482 pack

2026-09-11 13:31:32 [INFO] thread 6 is processing the 337 / 482 pack

2026-09-11 13:31:32 [INFO] thread 1 is processing the 338 / 482 pack

2026-09-11 13:31:32 [INFO] thread 10 is processing the 339 / 482 pack

2026-09-11 13:31:32 [INFO] thread 2 is processing the 340 / 482 pack

2026-09-11 13:31:32 [INFO] thread 4 is processing the 341 / 482 pack

2026-09-11 13:31:33 [INFO] thread 8 is processing the 342 / 482 pack

2026-09-11 13:31:33 [INFO] thread 9 is processing the 343 / 482 pack

2026-09-11 13:31:33 [INFO] thread 7 is processing the 344 / 482 pack

2026-09-11 13:31:33 [INFO] thread 5 is processing the 345 / 482 pack

2026-09-11 13:31:33 [INFO] thread 3 is processing the 346 / 482 pack

2026-09-11 13:31:33 [INFO] thread 6 is processing the 347 / 482 pack

2026-09-11 13:31:33 [INFO] thread 1 is processing the 348 / 482 pack

2026-09-11 13:31:33 [INFO] thread 2 is processing the 349 / 482 pack

2026-09-11 13:31:33 [INFO] thread 10 is processing the 350 / 482 pack

2026-09-11 13:31:33 [INFO] thread 9 is processing the 351 / 482 pack

2026-09-11 13:31:33 [INFO] thread 8 is processing the 352 / 482 pack

2026-09-11 13:31:33 [INFO] thread 4 is processing the 353 / 482 pack

2026-09-11 13:31:33 [INFO] thread 7 is processing the 354 / 482 pack

2026-09-11 13:31:33 [INFO] thread 5 is processing the 355 / 482 pack

2026-09-11 13:31:33 [INFO] thread 3 is processing the 356 / 482 pack

2026-09-11 13:31:33 [INFO] thread 6 is processing the 357 / 482 pack

2026-09-11 13:31:33 [INFO] thread 1 is processing the 358 / 482 pack

2026-09-11 13:31:33 [INFO] thread 2 is processing the 359 / 482 pack

2026-09-11 13:31:34 [INFO] thread 10 is processing the 360 / 482 pack

2026-09-11 13:31:34 [INFO] thread 9 is processing the 361 / 482 pack

2026-09-11 13:31:34 [INFO] thread 8 is processing the 362 / 482 pack

2026-09-11 13:31:34 [INFO] thread 4 is processing the 363 / 482 pack

2026-09-11 13:31:34 [INFO] thread 5 is processing the 364 / 482 pack

2026-09-11 13:31:34 [INFO] thread 7 is processing the 365 / 482 pack

2026-09-11 13:31:34 [INFO] thread 3 is processing the 366 / 482 pack

2026-09-11 13:31:34 [INFO] thread 6 is processing the 367 / 482 pack

2026-09-11 13:31:34 [INFO] thread 1 is processing the 368 / 482 pack

2026-09-11 13:31:34 [INFO] thread 2 is processing the 369 / 482 pack

2026-09-11 13:31:34 [INFO] thread 10 is processing the 370 / 482 pack

2026-09-11 13:31:34 [INFO] thread 9 is processing the 371 / 482 pack

2026-09-11 13:31:34 [INFO] thread 8 is processing the 372 / 482 pack

2026-09-11 13:31:34 [INFO] thread 4 is processing the 373 / 482 pack

2026-09-11 13:31:34 [INFO] thread 5 is processing the 374 / 482 pack

2026-09-11 13:31:34 [INFO] thread 7 is processing the 375 / 482 pack

2026-09-11 13:31:34 [INFO] thread 3 is processing the 376 / 482 pack

2026-09-11 13:31:34 [INFO] thread 6 is processing the 377 / 482 pack

2026-09-11 13:31:34 [INFO] thread 1 is processing the 378 / 482 pack

2026-09-11 13:31:34 [INFO] thread 2 is processing the 379 / 482 pack

2026-09-11 13:31:35 [INFO] thread 10 is processing the 380 / 482 pack

2026-09-11 13:31:35 [INFO] thread 9 is processing the 381 / 482 pack

2026-09-11 13:31:35 [INFO] thread 5 is processing the 382 / 482 pack

2026-09-11 13:31:35 [INFO] thread 8 is processing the 383 / 482 pack

2026-09-11 13:31:35 [INFO] thread 4 is processing the 384 / 482 pack

2026-09-11 13:31:35 [INFO] thread 7 is processing the 385 / 482 pack

2026-09-11 13:31:35 [INFO] thread 6 is processing the 386 / 482 pack

2026-09-11 13:31:35 [INFO] thread 3 is processing the 387 / 482 pack

2026-09-11 13:31:35 [INFO] thread 1 is processing the 388 / 482 pack

2026-09-11 13:31:35 [INFO] thread 2 is processing the 389 / 482 pack

2026-09-11 13:31:35 [INFO] thread 10 is processing the 390 / 482 pack

2026-09-11 13:31:35 [INFO] thread 9 is processing the 391 / 482 pack

2026-09-11 13:31:35 [INFO] starting to read geno output file for sample: sample_7
2026-09-11 13:31:35 [INFO] starting to read ml output file for sample: sample_7
2026-09-11 13:31:35 [INFO] starting to read ml file for sample: sample_7
2026-09-11 13:31:35 [INFO] finished to read ml file for sample: sample_7
2026-09-11 13:31:35 [INFO] starting to read microhap output file for sample: sample_7
2026-09-11 13:31:35 [INFO] starting to read sample sample_7 mh file
2026-09-11 13:31:35 [INFO] thread 5 is processing the 392 / 482 pack

2026-09-11 13:31:35 [INFO] finished to read sample sample_7 mh file
2026-09-11 13:31:35 [INFO] starting to read amplicon output file for sample: sample_7
2026-09-11 13:31:35 [INFO] starting to read sample sample_7 amplicon file
2026-09-11 13:31:35 [INFO] finished to read sample sample_7 amplicon file
2026-09-11 13:31:35 [INFO] starting to read snp file for sample: sample_7
2026-09-11 13:31:35 [INFO] starting to read snp file for sample: sample_7
2026-09-11 13:31:35 [INFO] finished to read snp file for sample: sample_7
2026-09-11 13:31:35 [INFO] thread 4 is processing the 393 / 482 pack

2026-09-11 13:31:35 [INFO] finished to read geno output file for sample: sample_7
2026-09-11 13:31:35 [INFO] thread 8 is processing the 394 / 482 pack

2026-09-11 13:31:35 [INFO] thread 7 is processing the 395 / 482 pack

2026-09-11 13:31:35 [INFO] thread 6 is processing the 396 / 482 pack

2026-09-11 13:31:35 [INFO] thread 3 is processing the 397 / 482 pack

2026-09-11 13:31:35 [INFO] thread 1 is processing the 398 / 482 pack

2026-09-11 13:31:35 [INFO] thread 2 is processing the 399 / 482 pack

2026-09-11 13:31:35 [INFO] thread 10 is processing the 400 / 482 pack

2026-09-11 13:31:35 [INFO] thread 9 is processing the 401 / 482 pack

2026-09-11 13:31:35 [INFO] thread 5 is processing the 402 / 482 pack

2026-09-11 13:31:35 [INFO] thread 8 is processing the 403 / 482 pack

2026-09-11 13:31:35 [INFO] thread 4 is processing the 404 / 482 pack

2026-09-11 13:31:36 [INFO] thread 7 is processing the 405 / 482 pack

2026-09-11 13:31:36 [INFO] thread 6 is processing the 406 / 482 pack

2026-09-11 13:31:36 [INFO] thread 3 is processing the 407 / 482 pack

2026-09-11 13:31:36 [INFO] thread 1 is processing the 408 / 482 pack

2026-09-11 13:31:36 [INFO] thread 2 is processing the 409 / 482 pack

2026-09-11 13:31:36 [INFO] thread 10 is processing the 410 / 482 pack

2026-09-11 13:31:36 [INFO] thread 9 is processing the 411 / 482 pack

2026-09-11 13:31:36 [INFO] thread 7 is processing the 412 / 482 pack

2026-09-11 13:31:36 [INFO] thread 5 is processing the 413 / 482 pack

2026-09-11 13:31:36 [INFO] thread 6 is processing the 414 / 482 pack

2026-09-11 13:31:36 [INFO] thread 4 is processing the 415 / 482 pack

2026-09-11 13:31:36 [INFO] thread 8 is processing the 416 / 482 pack

2026-09-11 13:31:36 [INFO] thread 3 is processing the 417 / 482 pack

2026-09-11 13:31:36 [INFO] thread 1 is processing the 418 / 482 pack

2026-09-11 13:31:36 [INFO] thread 2 is processing the 419 / 482 pack

2026-09-11 13:31:36 [INFO] thread 9 is processing the 420 / 482 pack

2026-09-11 13:31:36 [INFO] thread 10 is processing the 421 / 482 pack

2026-09-11 13:31:36 [INFO] thread 7 is processing the 422 / 482 pack

2026-09-11 13:31:36 [INFO] thread 5 is processing the 423 / 482 pack

2026-09-11 13:31:36 [INFO] thread 6 is processing the 424 / 482 pack

2026-09-11 13:31:36 [INFO] thread 4 is processing the 425 / 482 pack

2026-09-11 13:31:36 [INFO] thread 3 is processing the 426 / 482 pack

2026-09-11 13:31:36 [INFO] thread 8 is processing the 427 / 482 pack

2026-09-11 13:31:36 [INFO] thread 1 is processing the 428 / 482 pack

2026-09-11 13:31:36 [INFO] thread 2 is processing the 429 / 482 pack

2026-09-11 13:31:36 [INFO] thread 9 is processing the 430 / 482 pack

2026-09-11 13:31:36 [INFO] thread 10 is processing the 431 / 482 pack

2026-09-11 13:31:36 [INFO] thread 5 is processing the 432 / 482 pack

2026-09-11 13:31:36 [INFO] thread 7 is processing the 433 / 482 pack

2026-09-11 13:31:36 [INFO] thread 6 is processing the 434 / 482 pack

2026-09-11 13:31:36 [INFO] thread 4 is processing the 435 / 482 pack

2026-09-11 13:31:36 [INFO] thread 3 is processing the 436 / 482 pack

2026-09-11 13:31:36 [INFO] thread 8 is processing the 437 / 482 pack

2026-09-11 13:31:36 [INFO] thread 1 is processing the 438 / 482 pack

2026-09-11 13:31:36 [INFO] thread 2 is processing the 439 / 482 pack

2026-09-11 13:31:36 [INFO] thread 9 is processing the 440 / 482 pack

2026-09-11 13:31:36 [INFO] thread 10 is processing the 441 / 482 pack

2026-09-11 13:31:36 [INFO] thread 5 is processing the 442 / 482 pack

2026-09-11 13:31:36 [INFO] thread 7 is processing the 443 / 482 pack

2026-09-11 13:31:36 [INFO] thread 3 is processing the 444 / 482 pack

2026-09-11 13:31:36 [INFO] thread 6 is processing the 445 / 482 pack

2026-09-11 13:31:36 [INFO] thread 4 is processing the 446 / 482 pack

2026-09-11 13:31:36 [INFO] thread 8 is processing the 447 / 482 pack

2026-09-11 13:31:36 [INFO] thread 2 is processing the 448 / 482 pack

2026-09-11 13:31:36 [INFO] thread 1 is processing the 449 / 482 pack

2026-09-11 13:31:36 [INFO] thread 9 is processing the 450 / 482 pack

2026-09-11 13:31:36 [INFO] thread 10 is processing the 451 / 482 pack

2026-09-11 13:31:36 [INFO] thread 5 is processing the 452 / 482 pack

2026-09-11 13:31:36 [INFO] thread 3 is processing the 453 / 482 pack

2026-09-11 13:31:36 [INFO] thread 7 is processing the 454 / 482 pack

2026-09-11 13:31:36 [INFO] thread 6 is processing the 455 / 482 pack

2026-09-11 13:31:36 [INFO] thread 4 is processing the 456 / 482 pack

2026-09-11 13:31:36 [INFO] thread 8 is processing the 457 / 482 pack

2026-09-11 13:31:36 [INFO] thread 1 is processing the 458 / 482 pack

2026-09-11 13:31:36 [INFO] thread 2 is processing the 459 / 482 pack

2026-09-11 13:31:36 [INFO] thread 9 is processing the 460 / 482 pack

2026-09-11 13:31:36 [INFO] thread 5 is processing the 461 / 482 pack

2026-09-11 13:31:36 [INFO] thread 10 is processing the 462 / 482 pack

2026-09-11 13:31:36 [INFO] thread 3 is processing the 463 / 482 pack

2026-09-11 13:31:36 [INFO] thread 10 is processing the 464 / 482 pack

2026-09-11 13:31:36 [INFO] thread 6 is processing the 465 / 482 pack

2026-09-11 13:31:36 [INFO] thread 7 is processing the 466 / 482 pack

2026-09-11 13:31:36 [INFO] thread 3 is processing the 467 / 482 pack

2026-09-11 13:31:37 [INFO] thread 4 is processing the 468 / 482 pack

2026-09-11 13:31:37 [INFO] thread 10 is processing the 469 / 482 pack

2026-09-11 13:31:37 [INFO] thread 6 is processing the 470 / 482 pack

2026-09-11 13:31:37 [INFO] thread 7 is processing the 471 / 482 pack

2026-09-11 13:31:37 [INFO] thread 3 is processing the 472 / 482 pack

2026-09-11 13:31:37 [INFO] thread 8 is processing the 473 / 482 pack

2026-09-11 13:31:37 [INFO] thread 2 is processing the 474 / 482 pack

2026-09-11 13:31:37 [INFO] thread 1 is processing the 475 / 482 pack

2026-09-11 13:31:37 [INFO] thread 4 is processing the 476 / 482 pack

2026-09-11 13:31:37 [INFO] thread 10 is processing the 477 / 482 pack

2026-09-11 13:31:37 [INFO] thread 6 is processing the 478 / 482 pack

2026-09-11 13:31:37 [INFO] thread 3 is processing the 479 / 482 pack

2026-09-11 13:31:37 [INFO] thread 8 is processing the 480 / 482 pack

2026-09-11 13:31:37 [INFO] thread 7 is processing the 481 / 482 pack

2026-09-11 13:31:37 [INFO] thread 2 data processing completed

2026-09-11 13:31:37 [INFO] thread 2 finished

2026-09-11 13:31:37 [INFO] thread 7 data processing completed

2026-09-11 13:31:37 [INFO] thread 7 finished

2026-09-11 13:31:37 [INFO] thread 1 data processing completed

2026-09-11 13:31:37 [INFO] thread 1 finished

2026-09-11 13:31:37 [INFO] thread 5 data processing completed

2026-09-11 13:31:37 [INFO] thread 5 finished

2026-09-11 13:31:37 [INFO] thread 4 data processing completed

2026-09-11 13:31:37 [INFO] thread 4 finished

2026-09-11 13:31:37 [INFO] thread 10 data processing completed

2026-09-11 13:31:37 [INFO] thread 10 finished

2026-09-11 13:31:37 [INFO] thread 6 data processing completed

2026-09-11 13:31:37 [INFO] thread 6 finished

2026-09-11 13:31:37 [INFO] thread 9 data processing completed

2026-09-11 13:31:37 [INFO] thread 9 finished

2026-09-11 13:31:37 [INFO] thread 3 data processing completed

2026-09-11 13:31:37 [INFO] thread 3 finished

2026-09-11 13:31:37 [INFO] thread 8 data processing completed

2026-09-11 13:31:37 [INFO] thread 8 finished

2026-09-11 13:31:37 [INFO] /home/liup/project/data/demon/out_tod7/sample_7_output_reads.fastq.gz writer finished

2026-09-11 13:31:37 [INFO] start to generate reports

2026-09-11 13:31:37 [INFO] Starting to write SNV table!

2026-09-11 13:31:37 [INFO] Starting to write haplotype table!

2026-09-11 13:31:37 [INFO] Starting to write ML haplotype table!

2026-09-11 13:31:37 [INFO] Starting to write amplicon table!

2026-09-11 13:31:37 [INFO] Starting to write error rate table!

2026-09-11 13:31:37 [INFO] Finished writing genotype table!

2026-09-11 13:31:37 [INFO] Finished writing ML haplotype table!

2026-09-11 13:31:37 [INFO] Finished writing amplicon table!

2026-09-11 13:31:37 [INFO] Finished writing error rate table!

2026-09-11 13:31:37 [INFO] Duplication rate: 17.3159%

2026-09-11 13:31:37 [INFO] Insert size peak (evaluated by paired-end reads): 150

2026-09-11 13:31:37 [INFO] Finished Json report

2026-09-11 13:31:37 [INFO] Finished Html report

2026-09-11 13:31:37 [INFO] JSON report: /home/liup/project/data/demon/out_tod7/sample_7.json

2026-09-11 13:31:37 [INFO] HTML report: /home/liup/project/data/demon/out_tod7/sample_7.html

2026-09-11 13:31:37 [INFO] seqtyper --var snp --loc /home/liup/project/data/demon/loc_combined.txt --minReads4Locus 30 --maxMismatchesPSeq 4 --thread 10 --average_qual 20 --length_required 30 --smProp1H 0.8 --smProp1L 0.72 --mmProp1H 0.8 --mmProp1L 0.78 --mProp2 0.7 --minReads4Allele 10 --maxRVs4Align 6 --prefix /home/liup/project/data/demon/out_tod7/sample_7 --in1 /home/liup/project/data/demon/raw_combined/sample_7_R1.fastq.gz --in2 /home/liup/project/data/demon/raw_combined/sample_7_R2.fastq.gz --verbose 

2026-09-11 13:31:37 [INFO] seq2typer v2.1.0.0, time used: 12 seconds

2026-09-11 13:31:37 [INFO] seq2typer v2.1.0.0, time used: 12 seconds

2026-09-11 13:31:37 [INFO] reading sample sample_7 outputs

2026-09-11 13:31:37 [INFO] reading sample sample_7 genotype done!

2026-09-11 13:31:37 [INFO] reading sample sample_7 reads done!

2026-09-11 13:31:37 [INFO] reading sample sample_7 jason file done!

2026-09-11 13:31:37 [INFO] ploting sample sample_7 reads quality done!

2026-09-11 13:31:37 [INFO] Finish the processing sample: sample_7, 7 out of 8 samples

2026-09-11 13:31:37 [INFO] ---------------------------------------------------------end index: 7----------------------------------------------------



2026-09-11 13:31:37 [INFO] ---------------------------------------------------------start index: 8--------------------------------------------------

2026-09-11 13:31:37 [INFO] Start to process sample: sample_8, 8 out of 8 samples

2026-09-11 13:31:37 [INFO] Running Seq2Type for sample: sample_8, this is slow and please be patient!

2026-09-11 13:31:37 [INFO] Reading locus file: /home/liup/project/data/demon/loc_combined.txt

2026-09-11 13:31:37 [INFO] Read loci of: 10

2026-09-11 13:31:37 [INFO] start to load data

2026-09-11 13:31:44 [INFO] all reads loaded, start to monitor thread status

2026-09-11 13:31:44 [INFO] thread 3 is processing the 274 / 440 pack

2026-09-11 13:31:44 [INFO] thread 10 is processing the 275 / 440 pack

2026-09-11 13:31:44 [INFO] thread 9 is processing the 276 / 440 pack

2026-09-11 13:31:44 [INFO] thread 8 is processing the 277 / 440 pack

2026-09-11 13:31:44 [INFO] thread 1 is processing the 278 / 440 pack

2026-09-11 13:31:44 [INFO] thread 7 is processing the 279 / 440 pack

2026-09-11 13:31:44 [INFO] thread 4 is processing the 280 / 440 pack

2026-09-11 13:31:44 [INFO] thread 3 is processing the 281 / 440 pack

2026-09-11 13:31:44 [INFO] thread 5 is processing the 282 / 440 pack

2026-09-11 13:31:44 [INFO] thread 6 is processing the 283 / 440 pack

2026-09-11 13:31:44 [INFO] thread 2 is processing the 284 / 440 pack

2026-09-11 13:31:44 [INFO] thread 10 is processing the 285 / 440 pack

2026-09-11 13:31:44 [INFO] thread 9 is processing the 286 / 440 pack

2026-09-11 13:31:45 [INFO] thread 1 is processing the 287 / 440 pack

2026-09-11 13:31:45 [INFO] thread 8 is processing the 288 / 440 pack

2026-09-11 13:31:45 [INFO] thread 7 is processing the 289 / 440 pack

2026-09-11 13:31:45 [INFO] thread 4 is processing the 290 / 440 pack

2026-09-11 13:31:45 [INFO] thread 3 is processing the 291 / 440 pack

2026-09-11 13:31:45 [INFO] thread 5 is processing the 292 / 440 pack

2026-09-11 13:31:45 [INFO] thread 6 is processing the 293 / 440 pack

2026-09-11 13:31:45 [INFO] thread 2 is processing the 294 / 440 pack

2026-09-11 13:31:45 [INFO] thread 10 is processing the 295 / 440 pack

2026-09-11 13:31:45 [INFO] thread 9 is processing the 296 / 440 pack

2026-09-11 13:31:45 [INFO] thread 8 is processing the 297 / 440 pack

2026-09-11 13:31:45 [INFO] thread 1 is processing the 298 / 440 pack

2026-09-11 13:31:45 [INFO] thread 4 is processing the 299 / 440 pack

2026-09-11 13:31:45 [INFO] thread 7 is processing the 300 / 440 pack

2026-09-11 13:31:45 [INFO] thread 3 is processing the 301 / 440 pack

2026-09-11 13:31:45 [INFO] thread 6 is processing the 302 / 440 pack

2026-09-11 13:31:45 [INFO] thread 2 is processing the 303 / 440 pack

2026-09-11 13:31:46 [INFO] thread 5 is processing the 304 / 440 pack

2026-09-11 13:31:46 [INFO] thread 10 is processing the 305 / 440 pack

2026-09-11 13:31:46 [INFO] thread 9 is processing the 306 / 440 pack

2026-09-11 13:31:46 [INFO] thread 8 is processing the 307 / 440 pack

2026-09-11 13:31:46 [INFO] thread 1 is processing the 308 / 440 pack

2026-09-11 13:31:46 [INFO] thread 4 is processing the 309 / 440 pack

2026-09-11 13:31:46 [INFO] thread 3 is processing the 310 / 440 pack

2026-09-11 13:31:46 [INFO] thread 6 is processing the 311 / 440 pack

2026-09-11 13:31:46 [INFO] thread 2 is processing the 312 / 440 pack

2026-09-11 13:31:46 [INFO] thread 7 is processing the 313 / 440 pack

2026-09-11 13:31:46 [INFO] thread 10 is processing the 314 / 440 pack

2026-09-11 13:31:46 [INFO] thread 5 is processing the 315 / 440 pack

2026-09-11 13:31:46 [INFO] thread 8 is processing the 316 / 440 pack

2026-09-11 13:31:46 [INFO] thread 9 is processing the 317 / 440 pack

2026-09-11 13:31:46 [INFO] thread 1 is processing the 318 / 440 pack

2026-09-11 13:31:46 [INFO] thread 3 is processing the 319 / 440 pack

2026-09-11 13:31:46 [INFO] thread 4 is processing the 320 / 440 pack

2026-09-11 13:31:46 [INFO] thread 6 is processing the 321 / 440 pack

2026-09-11 13:31:46 [INFO] thread 2 is processing the 322 / 440 pack

2026-09-11 13:31:47 [INFO] thread 7 is processing the 323 / 440 pack

2026-09-11 13:31:47 [INFO] thread 10 is processing the 324 / 440 pack

2026-09-11 13:31:47 [INFO] thread 5 is processing the 325 / 440 pack

2026-09-11 13:31:47 [INFO] thread 8 is processing the 326 / 440 pack

2026-09-11 13:31:47 [INFO] thread 9 is processing the 327 / 440 pack

2026-09-11 13:31:47 [INFO] thread 1 is processing the 328 / 440 pack

2026-09-11 13:31:47 [INFO] thread 4 is processing the 329 / 440 pack

2026-09-11 13:31:47 [INFO] thread 3 is processing the 330 / 440 pack

2026-09-11 13:31:47 [INFO] thread 6 is processing the 331 / 440 pack

2026-09-11 13:31:47 [INFO] thread 2 is processing the 332 / 440 pack

2026-09-11 13:31:47 [INFO] thread 10 is processing the 333 / 440 pack

2026-09-11 13:31:47 [INFO] thread 7 is processing the 334 / 440 pack

2026-09-11 13:31:47 [INFO] thread 5 is processing the 335 / 440 pack

2026-09-11 13:31:47 [INFO] thread 8 is processing the 336 / 440 pack

2026-09-11 13:31:47 [INFO] thread 4 is processing the 337 / 440 pack

2026-09-11 13:31:47 [INFO] thread 1 is processing the 338 / 440 pack

2026-09-11 13:31:47 [INFO] thread 9 is processing the 339 / 440 pack

2026-09-11 13:31:47 [INFO] thread 3 is processing the 340 / 440 pack

2026-09-11 13:31:47 [INFO] thread 6 is processing the 341 / 440 pack

2026-09-11 13:31:47 [INFO] thread 2 is processing the 342 / 440 pack

2026-09-11 13:31:47 [INFO] thread 7 is processing the 343 / 440 pack

2026-09-11 13:31:48 [INFO] thread 10 is processing the 344 / 440 pack

2026-09-11 13:31:48 [INFO] thread 5 is processing the 345 / 440 pack

2026-09-11 13:31:48 [INFO] thread 8 is processing the 346 / 440 pack

2026-09-11 13:31:48 [INFO] thread 1 is processing the 347 / 440 pack

2026-09-11 13:31:48 [INFO] thread 4 is processing the 348 / 440 pack

2026-09-11 13:31:48 [INFO] thread 9 is processing the 349 / 440 pack

2026-09-11 13:31:48 [INFO] thread 3 is processing the 350 / 440 pack

2026-09-11 13:31:48 [INFO] thread 6 is processing the 351 / 440 pack

2026-09-11 13:31:48 [INFO] thread 2 is processing the 352 / 440 pack

2026-09-11 13:31:48 [INFO] thread 7 is processing the 353 / 440 pack

2026-09-11 13:31:48 [INFO] starting to read geno output file for sample: sample_8
2026-09-11 13:31:48 [INFO] starting to read ml output file for sample: sample_8
2026-09-11 13:31:48 [INFO] starting to read ml file for sample: sample_8
2026-09-11 13:31:48 [INFO] finished to read ml file for sample: sample_8
2026-09-11 13:31:48 [INFO] starting to read microhap output file for sample: sample_8
2026-09-11 13:31:48 [INFO] starting to read sample sample_8 mh file
2026-09-11 13:31:48 [INFO] finished to read sample sample_8 mh file
2026-09-11 13:31:48 [INFO] starting to read amplicon output file for sample: sample_8
2026-09-11 13:31:48 [INFO] starting to read sample sample_8 amplicon file
2026-09-11 13:31:48 [INFO] finished to read sample sample_8 amplicon file
2026-09-11 13:31:48 [INFO] starting to read snp file for sample: sample_8
2026-09-11 13:31:48 [INFO] starting to read snp file for sample: sample_8
2026-09-11 13:31:48 [INFO] finished to read snp file for sample: sample_8
2026-09-11 13:31:48 [INFO] finished to read geno output file for sample: sample_8
2026-09-11 13:31:48 [INFO] thread 10 is processing the 354 / 440 pack

2026-09-11 13:31:48 [INFO] thread 8 is processing the 355 / 440 pack

2026-09-11 13:31:48 [INFO] thread 5 is processing the 356 / 440 pack

2026-09-11 13:31:48 [INFO] thread 1 is processing the 357 / 440 pack

2026-09-11 13:31:48 [INFO] thread 4 is processing the 358 / 440 pack

2026-09-11 13:31:48 [INFO] thread 9 is processing the 359 / 440 pack

2026-09-11 13:31:48 [INFO] thread 3 is processing the 360 / 440 pack

2026-09-11 13:31:48 [INFO] thread 2 is processing the 361 / 440 pack

2026-09-11 13:31:48 [INFO] thread 6 is processing the 362 / 440 pack

2026-09-11 13:31:48 [INFO] thread 7 is processing the 363 / 440 pack

2026-09-11 13:31:49 [INFO] thread 10 is processing the 364 / 440 pack

2026-09-11 13:31:49 [INFO] thread 8 is processing the 365 / 440 pack

2026-09-11 13:31:49 [INFO] thread 5 is processing the 366 / 440 pack

2026-09-11 13:31:49 [INFO] thread 4 is processing the 367 / 440 pack

2026-09-11 13:31:49 [INFO] thread 1 is processing the 368 / 440 pack

2026-09-11 13:31:49 [INFO] thread 3 is processing the 369 / 440 pack

2026-09-11 13:31:49 [INFO] thread 9 is processing the 370 / 440 pack

2026-09-11 13:31:49 [INFO] thread 2 is processing the 371 / 440 pack

2026-09-11 13:31:49 [INFO] thread 6 is processing the 372 / 440 pack

2026-09-11 13:31:49 [INFO] thread 7 is processing the 373 / 440 pack

2026-09-11 13:31:49 [INFO] thread 8 is processing the 374 / 440 pack

2026-09-11 13:31:49 [INFO] thread 10 is processing the 375 / 440 pack

2026-09-11 13:31:49 [INFO] thread 4 is processing the 376 / 440 pack

2026-09-11 13:31:49 [INFO] thread 1 is processing the 377 / 440 pack

2026-09-11 13:31:49 [INFO] thread 5 is processing the 378 / 440 pack

2026-09-11 13:31:49 [INFO] thread 3 is processing the 379 / 440 pack

2026-09-11 13:31:49 [INFO] thread 9 is processing the 380 / 440 pack

2026-09-11 13:31:49 [INFO] thread 2 is processing the 381 / 440 pack

2026-09-11 13:31:49 [INFO] thread 6 is processing the 382 / 440 pack

2026-09-11 13:31:49 [INFO] starting to produce sample quality fig
2026-09-11 13:31:49 [INFO] thread 7 is processing the 383 / 440 pack

2026-09-11 13:31:49 [INFO] thread 8 is processing the 384 / 440 pack

2026-09-11 13:31:49 [INFO] thread 10 is processing the 385 / 440 pack

2026-09-11 13:31:49 [INFO] thread 5 is processing the 386 / 440 pack

2026-09-11 13:31:49 [INFO] thread 3 is processing the 387 / 440 pack

2026-09-11 13:31:49 [INFO] thread 4 is processing the 388 / 440 pack

2026-09-11 13:31:49 [INFO] thread 1 is processing the 389 / 440 pack

2026-09-11 13:31:49 [INFO] thread 9 is processing the 390 / 440 pack

2026-09-11 13:31:49 [INFO] thread 2 is processing the 391 / 440 pack

2026-09-11 13:31:49 [INFO] thread 6 is processing the 392 / 440 pack

2026-09-11 13:31:49 [INFO] thread 7 is processing the 393 / 440 pack

2026-09-11 13:31:50 [INFO] thread 8 is processing the 394 / 440 pack

2026-09-11 13:31:50 [INFO] thread 10 is processing the 395 / 440 pack

2026-09-11 13:31:50 [INFO] thread 5 is processing the 396 / 440 pack

2026-09-11 13:31:50 [INFO] thread 3 is processing the 397 / 440 pack

2026-09-11 13:31:50 [INFO] thread 4 is processing the 398 / 440 pack

2026-09-11 13:31:50 [INFO] thread 1 is processing the 399 / 440 pack

2026-09-11 13:31:50 [INFO] thread 9 is processing the 400 / 440 pack

2026-09-11 13:31:50 [INFO] thread 6 is processing the 401 / 440 pack

2026-09-11 13:31:50 [INFO] thread 2 is processing the 402 / 440 pack

2026-09-11 13:31:50 [INFO] thread 8 is processing the 403 / 440 pack

2026-09-11 13:31:50 [INFO] thread 7 is processing the 404 / 440 pack

2026-09-11 13:31:50 [INFO] thread 5 is processing the 405 / 440 pack

2026-09-11 13:31:50 [INFO] thread 10 is processing the 406 / 440 pack

2026-09-11 13:31:50 [INFO] thread 3 is processing the 407 / 440 pack

2026-09-11 13:31:50 [INFO] thread 4 is processing the 408 / 440 pack

2026-09-11 13:31:50 [INFO] thread 1 is processing the 409 / 440 pack

2026-09-11 13:31:50 [INFO] thread 9 is processing the 410 / 440 pack

2026-09-11 13:31:50 [INFO] thread 6 is processing the 411 / 440 pack

2026-09-11 13:31:50 [INFO] thread 2 is processing the 412 / 440 pack

2026-09-11 13:31:50 [INFO] thread 8 is processing the 413 / 440 pack

2026-09-11 13:31:50 [INFO] thread 7 is processing the 414 / 440 pack

2026-09-11 13:31:50 [INFO] thread 5 is processing the 415 / 440 pack

2026-09-11 13:31:50 [INFO] thread 10 is processing the 416 / 440 pack

2026-09-11 13:31:50 [INFO] thread 4 is processing the 417 / 440 pack

2026-09-11 13:31:50 [INFO] thread 1 is processing the 418 / 440 pack

2026-09-11 13:31:50 [INFO] thread 3 is processing the 419 / 440 pack

2026-09-11 13:31:50 [INFO] thread 4 is processing the 420 / 440 pack

2026-09-11 13:31:50 [INFO] thread 6 is processing the 421 / 440 pack

2026-09-11 13:31:50 [INFO] thread 1 is processing the 422 / 440 pack

2026-09-11 13:31:50 [INFO] thread 3 is processing the 423 / 440 pack

2026-09-11 13:31:50 [INFO] thread 9 is processing the 424 / 440 pack

2026-09-11 13:31:50 [INFO] thread 2 is processing the 425 / 440 pack

2026-09-11 13:31:50 [INFO] thread 4 is processing the 426 / 440 pack

2026-09-11 13:31:50 [INFO] thread 3 is processing the 427 / 440 pack

2026-09-11 13:31:50 [INFO] thread 9 is processing the 428 / 440 pack

2026-09-11 13:31:50 [INFO] thread 1 is processing the 429 / 440 pack

2026-09-11 13:31:50 [INFO] thread 6 is processing the 430 / 440 pack

2026-09-11 13:31:50 [INFO] thread 8 is processing the 431 / 440 pack

2026-09-11 13:31:50 [INFO] thread 4 is processing the 432 / 440 pack

2026-09-11 13:31:50 [INFO] thread 2 is processing the 433 / 440 pack

2026-09-11 13:31:50 [INFO] thread 7 is processing the 434 / 440 pack

2026-09-11 13:31:50 [INFO] thread 9 is processing the 435 / 440 pack

2026-09-11 13:31:50 [INFO] thread 3 is processing the 436 / 440 pack

2026-09-11 13:31:50 [INFO] thread 6 is processing the 437 / 440 pack

2026-09-11 13:31:50 [INFO] thread 1 is processing the 438 / 440 pack

2026-09-11 13:31:50 [INFO] thread 8 is processing the 439 / 440 pack

2026-09-11 13:31:50 [INFO] thread 10 data processing completed

2026-09-11 13:31:50 [INFO] thread 10 finished

2026-09-11 13:31:50 [INFO] thread 7 data processing completed

2026-09-11 13:31:50 [INFO] thread 7 finished

2026-09-11 13:31:50 [INFO] thread 8 data processing completed

2026-09-11 13:31:50 [INFO] thread 8 finished

2026-09-11 13:31:50 [INFO] thread 4 data processing completed

2026-09-11 13:31:50 [INFO] thread 4 finished

2026-09-11 13:31:50 [INFO] thread 2 data processing completed

2026-09-11 13:31:50 [INFO] thread 2 finished

2026-09-11 13:31:50 [INFO] thread 9 data processing completed

2026-09-11 13:31:50 [INFO] thread 9 finished

2026-09-11 13:31:50 [INFO] thread 5 data processing completed

2026-09-11 13:31:50 [INFO] thread 5 finished

2026-09-11 13:31:50 [INFO] thread 3 data processing completed

2026-09-11 13:31:50 [INFO] thread 3 finished

2026-09-11 13:31:50 [INFO] thread 6 data processing completed

2026-09-11 13:31:50 [INFO] thread 6 finished

2026-09-11 13:31:50 [INFO] thread 1 data processing completed

2026-09-11 13:31:51 [INFO] thread 1 finished

2026-09-11 13:31:51 [INFO] /home/liup/project/data/demon/out_tod7/sample_8_output_reads.fastq.gz writer finished

2026-09-11 13:31:51 [INFO] start to generate reports

2026-09-11 13:31:51 [INFO] Starting to write SNV table!

2026-09-11 13:31:51 [INFO] Starting to write haplotype table!

2026-09-11 13:31:51 [INFO] Starting to write ML haplotype table!

2026-09-11 13:31:51 [INFO] Starting to write amplicon table!

2026-09-11 13:31:51 [INFO] Starting to write error rate table!

2026-09-11 13:31:51 [INFO] Finished writing genotype table!

2026-09-11 13:31:51 [INFO] Finished writing ML haplotype table!

2026-09-11 13:31:51 [INFO] Finished writing amplicon table!

2026-09-11 13:31:51 [INFO] Finished writing error rate table!

2026-09-11 13:31:51 [INFO] Duplication rate: 13.7277%

2026-09-11 13:31:51 [INFO] Insert size peak (evaluated by paired-end reads): 140

2026-09-11 13:31:51 [INFO] Finished Json report

2026-09-11 13:31:51 [INFO] Finished Html report

2026-09-11 13:31:51 [INFO] JSON report: /home/liup/project/data/demon/out_tod7/sample_8.json

2026-09-11 13:31:51 [INFO] HTML report: /home/liup/project/data/demon/out_tod7/sample_8.html

2026-09-11 13:31:51 [INFO] seqtyper --var snp --loc /home/liup/project/data/demon/loc_combined.txt --minReads4Locus 30 --maxMismatchesPSeq 4 --thread 10 --average_qual 20 --length_required 30 --smProp1H 0.8 --smProp1L 0.72 --mmProp1H 0.8 --mmProp1L 0.78 --mProp2 0.7 --minReads4Allele 10 --maxRVs4Align 6 --prefix /home/liup/project/data/demon/out_tod7/sample_8 --in1 /home/liup/project/data/demon/raw_combined/sample_8_R1.fastq.gz --in2 /home/liup/project/data/demon/raw_combined/sample_8_R2.fastq.gz --verbose 

2026-09-11 13:31:51 [INFO] seq2typer v2.1.0.0, time used: 12 seconds

2026-09-11 13:31:51 [INFO] seq2typer v2.1.0.0, time used: 12 seconds

2026-09-11 13:31:51 [INFO] reading sample sample_8 outputs

2026-09-11 13:31:51 [INFO] reading sample sample_8 genotype done!

2026-09-11 13:31:51 [INFO] reading sample sample_8 reads done!

2026-09-11 13:31:51 [INFO] reading sample sample_8 jason file done!

2026-09-11 13:31:51 [INFO] ploting sample sample_8 reads quality done!

2026-09-11 13:31:51 [INFO] Finish the processing sample: sample_8, 8 out of 8 samples

2026-09-11 13:31:51 [INFO] ---------------------------------------------------------end index: 8----------------------------------------------------



2026-09-11 13:31:51 [INFO] starting to generate all sample figures

2026-09-11 13:31:51 [INFO] starting to generate quality fig for all samples with 10 threads

2026-09-11 13:31:51 [INFO] starting to produce sample quality fig!

2026-09-11 13:31:55 [INFO] finished to combined_dic for quality fig!

2026-09-11 13:31:55 [INFO] starting to facetgrid for quality fig!

2026-09-11 13:31:57 [INFO] finished plotting quality fig!

2026-09-11 13:31:57 [INFO] finished to produce sample quality fig
2026-09-11 13:31:57 [INFO] starting to produce sample read distribution fig
2026-09-11 13:31:57 [INFO] finished to produce sample quality fig!

2026-09-11 13:31:57 [INFO] finished to generate quality fig for all samples

2026-09-11 13:31:57 [INFO] starting to generate reads distributions fig for all samples with 10 threads

2026-09-11 13:31:57 [INFO] starting to produce sample read distribution fig!

2026-09-11 13:31:59 [INFO] finish to produce sample read distribution fig
2026-09-11 13:31:59 [INFO] Run summary - seq2type run: step elapsed time = 105.31s, total session time so far = 166.46s, total active time so far = 105.31s, peak memory = 1487.85 MB
2026-09-11 13:31:59 [INFO] finished to produce sample read distribution fig!

2026-09-11 13:31:59 [INFO] finished to generate all reads distributions fig for all samples

2026-09-11 13:31:59 [INFO] Log file saved to: /home/liup/project/data/demon/out_tod7/smartyper_log.txt

2026-09-11 13:31:59 [INFO] Congrats! Seq2Type ran successfully! Please click 'Next' to proceed.

2026-09-11 13:32:04 [INFO] updating genotype tab from job runner
2026-09-11 13:32:04 [INFO] Starting genotype tab update...
2026-09-11 13:32:04 [INFO] Result type: sample
2026-09-11 13:32:04 [INFO] selected sample: sample_1, markers: 10
2026-09-11 13:32:04 [INFO] selected sample: sample_1
2026-09-11 13:32:04 [INFO] Figures length: 10
2026-09-11 13:32:04 [INFO] Finished processing all figures and tables, displaying genotype tab page...
2026-09-11 13:32:05 [INFO] Parameters snapshot - result output run
2026-09-11 13:32:05 [INFO]   analtype = snp
2026-09-11 13:32:05 [INFO]   seqtype = pe
2026-09-11 13:32:05 [INFO]   sexfile = 
2026-09-11 13:32:05 [INFO]   locifile = /home/liup/project/data/demon/loc_combined.txt
2026-09-11 13:32:05 [INFO]   inputdir = /home/liup/project/data/demon/raw_combined
2026-09-11 13:32:05 [INFO]   outputdir = /home/liup/project/data/demon/out_tod7
2026-09-11 13:32:05 [INFO]   projectdir = 
2026-09-11 13:32:05 [INFO]   samplefile = /home/liup/project/data/demon/sample_combined.txt
2026-09-11 13:32:05 [INFO]   mlinputfile = 
2026-09-11 13:32:05 [INFO]   mloutputdir = 
2026-09-11 13:32:05 [INFO]   mlmodelinputfile = 
2026-09-11 13:32:05 [INFO]   mlmodel = False
2026-09-11 13:32:05 [INFO]   num_samples = 0
2026-09-11 13:32:05 [INFO]   project_genotype_model = False
2026-09-11 13:32:05 [INFO]   project_microtype_model = False
2026-09-11 13:32:05 [INFO]   outputgenotypeproject = project_genotype_session.dill
2026-09-11 13:32:05 [INFO]   outputmicrotypeproject = project_microtype_session.dill
2026-09-11 13:32:05 [INFO]   maxMismatchesPSeq = 4
2026-09-11 13:32:05 [INFO]   minReads4Locus = 30
2026-09-11 13:32:05 [INFO]   minReads4Allele = 10
2026-09-11 13:32:05 [INFO]   smProp1H = 0.8
2026-09-11 13:32:05 [INFO]   smProp1L = 0.72
2026-09-11 13:32:05 [INFO]   mmProp1H = 0.8
2026-09-11 13:32:05 [INFO]   mmProp1L = 0.78
2026-09-11 13:32:05 [INFO]   mProp2 = 0.7
2026-09-11 13:32:05 [INFO]   maxRVs4Align = 6
2026-09-11 13:32:05 [INFO]   maxMismatchesPSeqSex = 4
2026-09-11 13:32:05 [INFO]   maxMismatchesRefSeqSex = 4
2026-09-11 13:32:05 [INFO]   yxRatio = 0.0001
2026-09-11 13:32:05 [INFO]   minReadsSexAllele = 10
2026-09-11 13:32:05 [INFO]   minReadsSexVariant = 5
2026-09-11 13:32:05 [INFO]   sex_analysis = False
2026-09-11 13:32:05 [INFO]   nanopore_default = False
2026-09-11 13:32:05 [INFO]   revcomloci = False
2026-09-11 13:32:05 [INFO]   revcomsex = False
2026-09-11 13:32:05 [INFO]   average_qual = 20
2026-09-11 13:32:05 [INFO]   length_required = 30
2026-09-11 13:32:05 [INFO]   thread = 10
2026-09-11 13:32:05 [INFO]   cur_microhap_input_file = 
2026-09-11 13:32:05 [INFO]   pre_microhap_input_file = 
2026-09-11 13:32:05 [INFO]   post_microhap_output_dir = 
2026-09-11 13:32:05 [INFO]   include_pre_mh = True
2026-09-11 13:32:05 [INFO]   has_pre_mh = False
2026-09-11 13:32:05 [INFO]   pro_figure = True
2026-09-11 13:32:05 [INFO]   ml_training_ratio = 0.8
2026-09-11 13:32:05 [INFO] This process is memory intensive, it may take a while to finish. Please be patient and do not close the program.


2026-09-11 13:32:05 [INFO] -------------------------------start step 1 out 2-----------------------------
2026-09-11 13:32:05 [INFO] starting to dump genotyping project!
2026-09-11 13:32:05 [INFO] This is slow, please be patient!
2026-09-11 13:32:05 [INFO] Starting to dump session for project: genotype
2026-09-11 13:32:06 [INFO] Session successfully saved to: /home/liup/project/data/demon/out_tod7/project_genotype_session.dill
2026-09-11 13:32:06 [INFO] finished to dump genotyping project!
2026-09-11 13:32:06 [INFO] -------------------------------end step 1 out 2-------------------------------


2026-09-11 13:32:06 [INFO] -------------------------------start step 2 out 2-----------------------------
2026-09-11 13:32:06 [INFO] starting to output all files!
2026-09-11 13:32:06 [INFO] starting to process each sample
2026-09-11 13:32:06 [INFO] starting to process each sample!
2026-09-11 13:32:13 [INFO] Finished samples: 8 out of 8
2026-09-11 13:32:13 [INFO] starting to process all the markers!
2026-09-11 13:32:21 [INFO] Finished 10 out of 10 markers...
2026-09-11 13:32:22 [INFO] finished to process all the markers
2026-09-11 13:32:22 [INFO] begin to process all_sample geno table!
2026-09-11 13:32:22 [INFO] begin to process all_sample geno table!
2026-09-11 13:32:22 [INFO] finished to output all files!
2026-09-11 13:32:22 [INFO] -------------------------------end step 2 out 2-------------------------------


2026-09-11 13:32:22 [INFO] Genotyping processing completed successfully. Please click 'Microtype →' for microtype analysis or 'Exit' to close the program.
2026-09-11 13:32:22 [INFO] Total elapsed time: 0m and 16s.
2026-09-11 13:32:22 [INFO] Run summary - result output run: step elapsed time = 16.53s, total session time so far = 189.30s, total active time so far = 121.85s, peak memory = 1487.85 MB
2026-09-11 13:32:28 [INFO] reading loci file: /home/liup/project/data/demon/loc_combined.txt
2026-09-11 13:32:28 [INFO] total 10 markers read from loci file
2026-09-11 13:32:28 [INFO] total 10 markers read from loci file
2026-09-11 13:32:28 [INFO] reading loci file: /home/liup/project/data/demon/loc_combined.txt
2026-09-11 13:32:28 [INFO] total 10 markers read from loci file
2026-09-11 13:32:28 [INFO] total 10 markers read from loci file
2026-09-11 13:33:03 [INFO] Parameters snapshot - microtype run
2026-09-11 13:33:03 [INFO]   analtype = snp
2026-09-11 13:33:03 [INFO]   seqtype = pe
2026-09-11 13:33:03 [INFO]   sexfile = 
2026-09-11 13:33:03 [INFO]   locifile = /home/liup/project/data/demon/loc_combined.txt
2026-09-11 13:33:03 [INFO]   inputdir = /home/liup/project/data/demon/raw_combined
2026-09-11 13:33:03 [INFO]   outputdir = /home/liup/project/data/demon/out_tod7
2026-09-11 13:33:03 [INFO]   projectdir = 
2026-09-11 13:33:03 [INFO]   samplefile = /home/liup/project/data/demon/sample_combined.txt
2026-09-11 13:33:03 [INFO]   mlinputfile = 
2026-09-11 13:33:03 [INFO]   mloutputdir = 
2026-09-11 13:33:03 [INFO]   mlmodelinputfile = 
2026-09-11 13:33:03 [INFO]   mlmodel = False
2026-09-11 13:33:03 [INFO]   num_samples = 0
2026-09-11 13:33:03 [INFO]   project_genotype_model = True
2026-09-11 13:33:03 [INFO]   project_microtype_model = False
2026-09-11 13:33:03 [INFO]   outputgenotypeproject = project_genotype_session.dill
2026-09-11 13:33:03 [INFO]   outputmicrotypeproject = project_microtype_session.dill
2026-09-11 13:33:03 [INFO]   maxMismatchesPSeq = 4
2026-09-11 13:33:03 [INFO]   minReads4Locus = 30
2026-09-11 13:33:03 [INFO]   minReads4Allele = 10
2026-09-11 13:33:03 [INFO]   smProp1H = 0.8
2026-09-11 13:33:03 [INFO]   smProp1L = 0.72
2026-09-11 13:33:03 [INFO]   mmProp1H = 0.8
2026-09-11 13:33:03 [INFO]   mmProp1L = 0.78
2026-09-11 13:33:03 [INFO]   mProp2 = 0.7
2026-09-11 13:33:03 [INFO]   maxRVs4Align = 6
2026-09-11 13:33:03 [INFO]   maxMismatchesPSeqSex = 4
2026-09-11 13:33:03 [INFO]   maxMismatchesRefSeqSex = 4
2026-09-11 13:33:03 [INFO]   yxRatio = 0.0001
2026-09-11 13:33:03 [INFO]   minReadsSexAllele = 10
2026-09-11 13:33:03 [INFO]   minReadsSexVariant = 5
2026-09-11 13:33:03 [INFO]   sex_analysis = False
2026-09-11 13:33:03 [INFO]   nanopore_default = False
2026-09-11 13:33:03 [INFO]   revcomloci = False
2026-09-11 13:33:03 [INFO]   revcomsex = False
2026-09-11 13:33:03 [INFO]   average_qual = 20
2026-09-11 13:33:03 [INFO]   length_required = 30
2026-09-11 13:33:03 [INFO]   thread = 10
2026-09-11 13:33:03 [INFO]   cur_microhap_input_file = /home/liup/project/data/demon/out_tod7/All_sample_final_haplotype.txt
2026-09-11 13:33:03 [INFO]   pre_microhap_input_file = 
2026-09-11 13:33:03 [INFO]   post_microhap_output_dir = /home/liup/project/data/demon/mt_tod7
2026-09-11 13:33:03 [INFO]   include_pre_mh = True
2026-09-11 13:33:03 [INFO]   has_pre_mh = False
2026-09-11 13:33:03 [INFO]   pro_figure = True
2026-09-11 13:33:03 [INFO]   ml_training_ratio = 0.8
2026-09-11 13:33:03 [INFO] Starting microhap processing. This could be slow and please be patient.....


2026-09-11 13:33:03 [INFO] ----------------------------------start step 1 out of 8---------------------------------------
2026-09-11 13:33:03 [INFO] starting to populate microhap dictionary for True
2026-09-11 13:33:03 [INFO] Populating current microhap dictionary...
2026-09-11 13:33:08 [INFO] populate_one_microhap_dict Processed 10 out of 10 markers...
2026-09-11 13:33:08 [INFO] Processed 10 out of 10 markers for current microhap dictionary...
2026-09-11 13:33:11 [INFO] finished to populate microhap dictionary
2026-09-11 13:33:11 [INFO] Finished populating current microhap dictionary.
2026-09-11 13:33:11 [INFO] -----------------------------------end  step 1 out of 8----------------------------------------


2026-09-11 13:33:11 [INFO] ----------------------------------start step 2 out of 8---------------------------------------
2026-09-11 13:33:11 [INFO] starting to populate_microhap_dict
2026-09-11 13:33:11 [INFO] Starting to populate post microhap dictionary...
2026-09-11 13:33:11 [INFO] populate_microhap_dict Processed 10 out of 10 markers...
2026-09-11 13:33:11 [INFO] Processed 10 out of 10 marker for post microhap...
2026-09-11 13:33:11 [INFO] Finished populating post microhap dictionary.
2026-09-11 13:33:11 [INFO] finished to populate post microhap dictionary
2026-09-11 13:33:11 [INFO] -----------------------------------end step 2 out of 8----------------------------------------


2026-09-11 13:33:11 [INFO] ----------------------------------start step 3 out of 8---------------------------------------
2026-09-11 13:33:11 [INFO] Performing sequence alignment...
2026-09-11 13:33:11 [INFO] Performing sequence alignment...
2026-09-11 13:33:22 [INFO] perform_seq_alignment Processed 10 out of 10 markers...
2026-09-11 13:33:22 [INFO] Processed 10 out of 10 markers for sequence alignment...
2026-09-11 13:33:23 [INFO] finished sequence alignment...
2026-09-11 13:33:23 [INFO] Finished sequence alignment.
2026-09-11 13:33:23 [INFO] -----------------------------------end step 3 out of 8----------------------------------------


2026-09-11 13:33:23 [INFO] ----------------------------------start step 4 out of 8---------------------------------------
2026-09-11 13:33:23 [INFO] starting populate_final_mar_mh_df_dict
2026-09-11 13:33:23 [INFO] Populating final microhap DataFrame dictionary...
2026-09-11 13:33:28 [INFO] populate_final_mar_mh_df_dict Processed 10 out of 10 markers for final microhap...
2026-09-11 13:33:28 [INFO] Processed 10 out of 10 markers for final microhap...
2026-09-11 13:33:30 [INFO] Total markers submitted: 10, completed: 10 for final microhap
2026-09-11 13:33:30 [INFO] -----------------------------------end step 4 out of 8----------------------------------------


2026-09-11 13:33:30 [INFO] ----------------------------------start step 5 out of 8---------------------------------------
2026-09-11 13:33:33 [INFO] Total markers submitted: 3, completed: 3 for final microhap
2026-09-11 13:33:33 [INFO] -----------------------------------end step 5 out of 8----------------------------------------


2026-09-11 13:33:33 [INFO] ----------------------------------start step 6 out of 8---------------------------------------
2026-09-11 13:33:33 [INFO] starting to generate microhaps figs for each marker
2026-09-11 13:33:33 [INFO] starting to generate microhaps figs for each marker!
2026-09-11 13:33:41 [INFO] Finished processing 10 out of 10 markers for microhap ploting....
2026-09-11 13:33:42 [INFO] finished to generate microtypes figs for each marker!
2026-09-11 13:33:42 [INFO] finished to generate microtypes figs for each marker!
2026-09-11 13:33:42 [INFO] -----------------------------------end step 6 out of 8----------------------------------------


2026-09-11 13:33:42 [INFO] ----------------------------------start step 7 out of 8---------------------------------------
2026-09-11 13:33:42 [INFO] starting to generate microhaps figs for each sample!
2026-09-11 13:33:42 [INFO] starting to generate microhaps figs for each sample!
2026-09-11 13:33:51 [INFO] finished to generate microtypes figs for each sample!
2026-09-11 13:33:51 [INFO] finished to generate microtypes figs for each sample!
2026-09-11 13:33:51 [INFO] -----------------------------------end step 7 out of 8----------------------------------------


2026-09-11 13:33:51 [INFO] ----------------------------------start step 8 out of 8---------------------------------------
2026-09-11 13:33:51 [INFO] Starting to dump session for project: microtype
2026-09-11 13:33:51 [INFO] Starting to dump session for project: microtype
2026-09-11 13:33:51 [INFO] Session successfully saved to: /home/liup/project/data/demon/mt_tod7/project_microtype_session.dill
2026-09-11 13:33:51 [INFO] Session successfully saved to: /home/liup/project/data/demon/mt_tod7/project_microtype_session.dill
2026-09-11 13:33:51 [INFO] -----------------------------------end step 8 out of 8----------------------------------------


2026-09-11 13:33:51 [INFO] Microhap processing completed successfully. Please click 'Next' to proceed.
2026-09-11 13:33:51 [INFO] Total elapsed time: 0m 48s
2026-09-11 13:33:51 [INFO] Run summary - microtype run: step elapsed time = 48.32s, total session time so far = 278.78s, total active time so far = 170.17s, peak memory = 1487.85 MB
2026-09-11 13:33:58 [INFO] saving seq logo fig for 10_20484984
2026-09-11 13:34:02 [INFO] Application session summary: total elapsed time = 289.04s, active (running) time = 170.17s, idle time = 118.88s, peak memory = 1487.85 MB, OS = Ubuntu 24.04.4 LTS (x86_64), CPU = 12th Gen Intel(R) Core(TM) i5-1245U @ 2496.0 MHz, CPU threads = 12, total memory = 31.04 GB, memory speed = unavailable (requires root/dmidecode), memory = unavailable (requires root/dmidecode), memory bandwidth = 2016.2 MB/s (measured), disk free = 879.5 / 1006.85 GB, disk drive = Msft Virtual Disk, disk speed = 542.3 MB/s (measured)
